PDBCode,protID,lig_name
10gs,P09211,VWW
5j41,P09211,2-mer
1a1e,P12931,4-mer
1a28,P06401,STR
1sr7,P06401,MOF
2w8y,P06401,486
1a30,P04585,3-mer
1bv7,P04585,XV6
1bv9,P04585,XV6
1bwa,P04585,XV6
1bwb,P04585,146
1hvh,P04585,Q82
1hwr,P04585,216
3ao2,P04585,AVX
3t1a,P04585,5MA
4q1w,P04585,017
4q1x,P04585,017
4q1y,P04585,017
5dgu,P04585,5B7
5dgw,P04585,5B5
6dif,P04585,TPV
6dil,P04585,TPV
6dj1,P04585,AB1
6dj2,P04585,AB1
6dj5,P04585,G52
6dj7,P04585,G10
6e7j,P04585,HWY
6e9a,P04585,J0S
1a4k,P01834,FRA
1a4r,P60953,GNH
1a69,P0ABP8,FMB
1k9s,P0ABP8,FM2
1a94,P03367,0Q4
1d4y,P03367,TPV
1iiq,P03367,0ZR
1izi,P03367,Q50
1lzq,P03367,0ZQ
1m0b,P03367,0ZQ
1mrw,P03367,K57
1mrx,P03367,K57
1msm,P03367,JE2
1msn,P03367,JE2
1nh0,P03367,5-mer
1sdt,P03367,MK1
1sdu,P03367,MK1
1sdv,P03367,MK1
1sgu,P03367,MK1
1sh9,P03367,RIT
2pqz,P03367,G0G
2pwc,P03367,G3G
2pwr,P03367,G4G
2pym,P03367,1UN
2pyn,P03367,1UN
2q63,P03367,1UN
2q64,P03367,1UN
2qci,P03367,065
2qd6,P03367,065
2qd7,P03367,065
2qd8,P03367,065
2qnn,P03367,QN1
2qnp,P03367,QN2
2qnq,P03367,QN3
2r43,P03367,G3G
2z4o,P03367,065
3a2o,P03367,KNJ
3bva,P03367,2NC
3bvb,P03367,017
3djk,P03367,G55
3dk1,P03367,G05
3ggu,P03367,017
3h5b,P03367,031
3i6o,P03367,GR6
3kdb,P03367,006
3kdc,P03367,JZP
3kdd,P03367,JZQ
3pwm,P03367,017
3st5,P03367,G89
3t3c,P03367,017
3ttp,P03367,017
3vf5,P03367,031
3vf7,P03367,031
3vfb,P03367,031
4dfg,P03367,0JV
4hdb,P03367,G52
4hdf,P03367,G52
4hdp,P03367,G52
4heg,P03367,G52
4hla,P03367,017
1a99,P31133,PUT
1a9m,P03366,U0E
1d4h,P03366,BEH
1d4i,P03366,BEG
1d4j,P03366,MSC
1ebw,P03366,BEI
1eby,P03366,BEB
1ebz,P03366,BEC
1ec0,P03366,BED
1ec1,P03366,BEE
1ec2,P03366,BEJ
1ec3,P03366,MS3
1g35,P03366,AHF
1mes,P03366,DMP
1met,P03366,DMP
1w5v,P03366,BE3
1w5w,P03366,BE4
1w5x,P03366,BE5
1w5y,P03366,BE6
1zpa,P03366,A83
1zsf,P03366,0ZS
2aqu,P03366,DR7
2uxz,P03366,HI1
2uy0,P03366,HV1
3nu3,P03366,478
3nu4,P03366,478
3nu5,P03366,478
3nu6,P03366,478
3nu9,P03366,478
3nuj,P03366,478
3nuo,P03366,478
3ok9,P03366,G52
3qaa,P03366,G04
3tkw,P03366,017
3zps,P03366,EQM
3zpu,P03366,M8B
4cp7,P03366,9MW
4cpr,P03366,378
4cps,P03366,1T8
4cpt,P03366,1T8
4cpw,P03366,V78
4u8w,P03366,G10
4zip,P03366,G64
4zls,P03366,G61
5bry,P03366,4UY
5bs4,P03366,4UX
5jfp,P03366,6KK
5jfu,P03366,6KQ
5jg1,P03366,6KR
5ult,P03366,8FM
5uov,P03366,8FP
5upz,P03366,8HD
6prf,P03366,7OA
6o48,P03366,0Q4
1a9q,P55859,HPA
1b8n,P55859,IMG
1b8o,P55859,IMH
1lvu,P55859,9PP
1v48,P55859,HA1
3fuc,P55859,9D9&9DG
1afk,P61823,PAP
1afl,P61823,ATR
1jn4,P61823,139
1jvu,P61823,C2P
1o0f,P61823,A3P
1o0h,P61823,ADP
1o0m,P61823,U2P
1o0n,P61823,U3P
1qhc,P61823,PUA
1u1b,P61823,PAX
1w4o,P61823,UA3
1w4p,P61823,UM3
1w4q,P61823,UMF
1z6s,P61823,AMP
2w5g,P61823,ATP
2xog,P61823,SFB
3d6o,P61823,U1S
3d6p,P61823,U2S
3d8z,P61823,TXS
4g8v,P61823,0EY
4g8y,P61823,0FT
4g90,P61823,0G0
4rsk,P61823,U3P
6pvw,P61823,OZV
6pvv,P61823,5FA
1alw,P04574,ISA
1amw,P02829,ADP
1bgq,P02829,RDC
2cgf,P02829,P2N
2fxs,P02829,RDA
2iwx,P02829,M1S
2vw5,P02829,BC6
2vwc,P02829,BC2
2weq,P02829,GDM
2wer,P02829,RDC
2yge,P02829,GDM
2ygf,P02829,GDM
1ax0,P16404,A2G
3n35,P16404,A2G
1b05,P06202,3-mer
1b0h,P06202,3-mer
1b1h,P06202,3-mer
1b2h,P06202,3-mer
1b32,P06202,3-mer
1b3f,P06202,3-mer
1b3g,P06202,3-mer
1b3h,P06202,3-mer
1b3l,P06202,3-mer
1b40,P06202,3-mer
1b46,P06202,3-mer
1b4h,P06202,3-mer
1b4z,P06202,3-mer
1b51,P06202,3-mer
1b52,P06202,3-mer
1b58,P06202,3-mer
1b5h,P06202,3-mer
1b5i,P06202,3-mer
1b5j,P06202,3-mer
1b6h,P06202,3-mer
1b7h,P06202,3-mer
1b9j,P06202,3-mer
1qka,P06202,3-mer
1qkb,P06202,3-mer
1b38,P24941,ATP
1e1v,P24941,CMG
1e1x,P24941,NW1
1jsv,P24941,U55
1pxn,P24941,CK6
1pxo,P24941,CK7
1pxp,P24941,CK8
2exm,P24941,ZIP
2fvd,P24941,LIA
2xmy,P24941,CDK
2xnb,P24941,Y8L
5jq5,P24941,I74
6guh,P24941,FB8
6guk,P24941,FC8
6q4g,P24941,HJK
6q4e,P24941,HH5
1b55,Q06187,4IP
6nfh,Q06187,KLM
1b57,P0AB71,PGH
1b6j,P03369,5-mer
1b6k,P03369,PI5
1b6l,P03369,PI4
1d4k,P03369,PI8
1d4l,P03369,PI9
1kzk,P03369,JE2
1z1h,P03369,HBB
2fgu,P03369,5-mer
2fgv,P03369,5-mer
2qhy,P03369,MZ1
2qhz,P03369,MZ2
2qi0,P03369,MZ3
2qi1,P03369,MZ4
2qi3,P03369,MZ5
2qi4,P03369,MZ6
2qi5,P03369,MZ7
2qi6,P03369,MZ8
2qi7,P03369,MZ9
3ekp,P03369,478
3ekt,P03369,017
3ekv,P03369,478
3ekw,P03369,DR7
3ekx,P03369,1UN
3el1,P03369,DR7
3el4,P03369,ROC
3el5,P03369,1UN
3el9,P03369,DR7
3gi4,P03369,K60
3gi5,P03369,K62
3gi6,P03369,D78
3i7e,P03369,DJR
3mxd,P03369,K53
3mxe,P03369,K54
3o9i,P03369,A61
1b8y,P08254,IN7
1ciz,P08254,DPS
1hfs,P08254,L04
1usn,P08254,IN9
2d1o,P08254,FA4
2usn,P08254,IN8
1bdq,P04587,IM1
1g2k,P04587,NM1
2aoc,P04587,2NC
2aod,P04587,2NC
2aoe,P04587,0Q4
2aog,P04587,2NC
2avm,P04587,2NC
2avq,P04587,2NC
2avs,P04587,MK1
2bpv,P04587,1IN
2bpy,P04587,3IN
2f80,P04587,017
2f81,P04587,017
2f8g,P04587,017
2r38,P04587,G4G
2r3t,P04587,G4G
2r3w,P04587,G3G
3bgb,P04587,LJG
3bgc,P04587,LJH
3cyw,P04587,017
3cyx,P04587,ROC
3d1x,P04587,ROC
3d1y,P04587,ROC
3d1z,P04587,017
1bhf,P06239,5-mer
1bhx,P00734,R56
3bv9,P00734,6-mer
3da9,P00734,44U
3po1,P00734,MKY
4hfp,P00734,15U
1bju,P00760,GP6
1bjv,P00760,GP8
1c1r,P00760,BAI
1c5p,P00760,BAM
1c5q,P00760,ESI
1c5s,P00760,ESX
1c5t,P00760,ESP
1eb2,P00760,BPO
1f0t,P00760,PR1
1f0u,P00760,RPR
1g36,P00760,R11
1g3d,P00760,108
1g3e,P00760,109
1ghz,P00760,120
1gi1,P00760,BMZ
1gi4,P00760,122
1gj6,P00760,132
1k1i,P00760,FD1
1k1j,P00760,FD2
1k1l,P00760,FD3
1k1m,P00760,FD4
1k1n,P00760,CCR
1k1o,P00760,IGN
1o2h,P00760,CR3
1o2j,P00760,656
1o2n,P00760,762
1o2o,P00760,950
1o2q,P00760,991
1o2r,P00760,CR9
1o2w,P00760,847
1o2z,P00760,312
1o30,P00760,693
1o33,P00760,801
1o35,P00760,802
1o36,P00760,607
1o38,P00760,653
1o3d,P00760,780
1o3f,P00760,696
1o3i,P00760,907
1o3j,P00760,334
1o3l,P00760,678
1oyq,P00760,T87
1qb1,P00760,974
1qb6,P00760,623
1qb9,P00760,806
1qbn,P00760,688
1qbo,P00760,711
1ql7,P00760,ZEN
1tx7,P00760,4CM
1utn,P00760,ABN
1uto,P00760,PEA
1v2j,P00760,BEN
1v2k,P00760,ZEN
1v2l,P00760,BEN
1v2n,P00760,BBA
1v2o,P00760,ANH
1v2r,P00760,ANH
1v2s,P00760,BEN
1v2t,P00760,ANH
1v2u,P00760,BEN
1v2w,P00760,ANH
1xug,P00760,BAB
1y3v,P00760,UIR
1y3x,P00760,UIB
1yp9,P00760,UIZ
2bza,P00760,ABN
2fx6,P00760,270
2zdk,P00760,50U
2zdl,P00760,45U
2zdm,P00760,46U
2zdn,P00760,49U
2zfs,P00760,12U
2zft,P00760,10U
2zq2,P00760,13U
3aas,P00760,GUS
3aau,P00760,GZC
3gy2,P00760,BRN
3gy3,P00760,PNT
3gy4,P00760,PBZ
3gy7,P00760,BEN
3ljo,P00760,11U
3m35,P00760,M35
3nkk,P00760,JLZ
4ab9,P00760,VXQ
4aba,P00760,SW1
4abb,P00760,K9S
4abd,P00760,SW2
4abe,P00760,913
4abf,P00760,513
4abg,P00760,91B
4abh,P00760,7Z3
5mn1,P00760,2AP
5mnn,P00760,MRZ
1bm7,P02766,FLF
1e4h,P02766,PBR
2b9a,P02766,FBC
2f7i,P02766,26C
2g5u,P02766,PCQ
3cfn,P02766,2AN
3cft,P02766,5NS
3kgt,P02766,GEN
3kgu,P02766,GEN
3nee,P02766,B72
3neo,P02766,G24
3nes,P02766,B72
3nex,P02766,G24
3p3r,P02766,3M1
3p3s,P02766,3M2
3p3t,P02766,3M3
4d7b,P02766,TCW
4der,P02766,AGI
4des,P02766,57D
4det,P02766,KMP
4deu,P02766,NAR
4dew,P02766,LU2
5ayt,P02766,L6Y
5boj,P02766,4TX
5en3,P02766,7LU
5ihh,P02766,6B5
5l4i,P02766,6J3
5l4j,P02766,6JD
5l4m,P02766,SBK
5u49,P02766,S2L
5u4b,P02766,XOS
5u4d,P02766,XLO
1bn1,P00918,AL5
1bn3,P00918,AL6
1bn4,P00918,AL9
1bnn,P00918,AL1
1bnq,P00918,AL4
1bnt,P00918,AL2
1bnu,P00918,AL3
1bnv,P00918,AL7
1bnw,P00918,TPD
1g1d,P00918,FSB
1g45,P00918,FSB
1g46,P00918,F2B
1g48,P00918,F6B
1g4o,P00918,BSB
1g52,P00918,F2B
1g53,P00918,F6B
1g54,P00918,FFB
1i9n,P00918,IOA
1i9p,P00918,IOE
1if7,P00918,SBR
1if8,P00918,SBS
1ttm,P00918,667
1xpz,P00918,4TZ
1xq0,P00918,4TR
1z9y,P00918,FUN
1zfq,P00918,ZEC
1zge,P00918,SDA
2ez7,P00918,DHI
2h15,P00918,B19
2hl4,P00918,BO1
2hnc,P00918,1SA
2hoc,P00918,1CN
2o4z,P00918,HSW
2pou,P00918,I7A
2pov,P00918,I7B
2pow,P00918,I7C
2q1q,P00918,OSP
2q38,P00918,LSA
2weg,P00918,FBV
2weh,P00918,FB1
2wej,P00918,FB2
2weo,P00918,FBW
2x7t,P00918,WZB
2x7u,P00918,WZA
3b4f,P00918,TUO
3bl0,P00918,BL0
3bl1,P00918,BL1
3d8w,P00918,D8W
3d9z,P00918,D9Z
3daz,P00918,MZM
3dbu,P00918,D8W
3dc3,P00918,AZM
3dcc,P00918,D9Z
3dd0,P00918,EZL
3dd8,P00918,2C7
3eft,P00918,3BS
3f8e,P00918,TE1
3ffp,P00918,LC1
3hkn,P00918,MFS
3hkq,P00918,1SD
3hkt,P00918,2SD
3hku,P00918,TOR
3hs4,P00918,AZM
3ibi,P00918,BOW
3ibl,P00918,O59
3ibn,P00918,O60
3ibu,P00918,O48
3igp,P00918,DT7
3k2f,P00918,NKX
3kwa,P00918,SPM
3m1k,P00918,BEW
3m3x,P00918,JS7
3m40,P00918,J45
3m5e,P00918,JDR
3m67,P00918,E36
3m96,P00918,E38
3mhc,P00918,ARZ
3mhi,P00918,J90
3mhl,P00918,J71
3mhm,P00918,J75
3mho,P00918,J43
3ml2,P00918,SU0
3mmf,P00918,D9H
3mna,P00918,DWH
3myq,P00918,E27
3mzc,P00918,S6I
3n0n,P00918,P9B
3n2p,P00918,AYX
3n3j,P00918,WWV
3n4b,P00918,WWZ
3nb5,P00918,R21
3ni5,P00918,C1H
3oil,P00918,VZ5
3oim,P00918,VZ5
3oku,P00918,VZ4
3oy0,P00918,OY0
3oyq,P00918,OYQ
3p4v,P00918,PMX
3p58,P00918,P58
3p5l,P00918,IT5
3po6,P00918,DT9
3r16,P00918,5UN
3r17,P00918,5UM
3ryj,P00918,RYJ
3ryv,P00918,RYV
3ryx,P00918,RYX
3ryy,P00918,RYY
3ryz,P00918,RYZ
3rz0,P00918,RZ0
3rz1,P00918,RZ1
3rz5,P00918,RZ5
3rz7,P00918,RZ7
3rz8,P00918,RZ8
3s71,P00918,EVD
3s72,P00918,EVE
3s73,P00918,EVF
3s75,P00918,EVG
3s76,P00918,EVH
3s77,P00918,EVI
3s78,P00918,EVJ
3t5u,P00918,A09
3t82,P00918,SG4
3t83,P00918,MG5&SG5
3t84,P00918,SG6
3t85,P00918,SG7
3v7x,P00918,D7A
3vbd,P00918,0FZ
4bf1,P00918,9FK
4bf6,P00918,X0Q
4e3g,P00918,PHB
4ht0,P00918,V50
4itp,P00918,1GD
4iwz,P00918,1GO
4jsa,P00918,FB2
4jss,P00918,BEW
4jsz,P00918,FB2
4kni,P00918,E1E
4knj,P00918,E1F
4m2r,P00918,BZ1
4m2u,P00918,ETS
4m2v,P00918,BZ1
4m2w,P00918,ETS
4mo8,P00918,2VQ
4q08,P00918,V90
4q09,P00918,V14
4q6d,P00918,WW3
4q6e,P00918,KR5
4q7p,P00918,3MH
4q7s,P00918,2YU
4q7v,P00918,5MH
4q7w,P00918,6MH
4q81,P00918,7MH
4q83,P00918,3FH
4q87,P00918,4FH
4q8x,P00918,7FH
4q8y,P00918,HQT
4q90,P00918,4H2
4q99,P00918,HT4
4q9y,P00918,M3T
4qtl,P00918,WWO
4qy3,P00918,3G1
4r59,P00918,3J3
4r5a,P00918,3J4
4r5b,P00918,3J4
4rfc,P00918,3O1
4rfd,P00918,3O5
4riu,P00918,3QR
4riv,P00918,LSA
4rn4,P00918,3T7
4rux,P00918,3W3
4ruy,P00918,3W6
4ruz,P00918,3W8
4yx4,P00918,FB2
4yxi,P00918,4J8
4yyt,P00918,S2O
4z0q,P00918,4K9
4z1e,P00918,DF5
4z1j,P00918,4KC
4z1k,P00918,4KB
4zwx,P00918,5KZ
4zwz,P00918,510
4zx0,P00918,5L2
4zx1,P00918,5L3
5amd,P00918,45I
5amg,P00918,IW7
5aml,P00918,51J
5byi,P00918,4WA
5e28,P00918,BC5
5e2k,P00918,BX4
5e2r,P00918,520
5e2s,P00918,5CX
5eh5,P00918,XCZ
5eh7,P00918,5O5
5eh8,P00918,5O6
5ehv,P00918,5ON
5ehw,P00918,5OO
5eij,P00918,5OT
5ekm,P00918,TG5
5fdc,P00918,5WN
5fdi,P00918,5WM
5flo,P00918,J4K
5flq,P00918,IO2
5fls,P00918,6ZX
5flt,P00918,VJJ
5fng,P00918,YIE
5gmn,P00918,949
5j8z,P00918,FC4
5ljq,P00918,ANV
5ljt,P00918,A6N
5llc,P00918,V26
5lle,P00918,V51
5llg,P00918,VD9
5llh,P00918,V49
5mjn,P00918,7O8
5n0d,P00918,8F2
5n0e,P00918,8F3
5n1r,P00918,8GH
5n1s,P00918,8GE
5n24,P00918,8HE
5n25,P00918,8HK
5nea,P00918,8V8
5nee,P00918,8V5
5nxg,P00918,RA1
5nxi,P00918,9DE
5nxo,P00918,9HK
5nxp,P00918,9DH
5nxw,P00918,RA9
5ny1,P00918,900000
5ny3,P00918,900000000
5nya,P00918,FB2
5o07,P00918,1VQ
5sz0,P00918,72D
5sz1,P00918,72E
5sz2,P00918,72G
5sz3,P00918,72H
5sz4,P00918,72D
5sz5,P00918,72E
5sz6,P00918,72G
5sz7,P00918,72H
5tfx,P00918,7B1
5th4,P00918,BEW
5ti0,P00918,7CZ
5txy,P00918,7Q1
5ty9,P00918,7QV
5tya,P00918,7QS
5u0d,P00918,7R7
5u0e,P00918,7R4
5u0f,P00918,7R1
5u0g,P00918,7QY
5uln,P00918,8JS
5vgy,P00918,9AA
5wex,P00918,8JS
5wgp,P00918,AUD
6b4d,P00918,53X
6b59,P00918,CQS
6c7w,P00918,LMS
6c7x,P00918,EO7
6cjv,P00918,G2Y
6ebe,P00918,J3V
6ecz,P00918,J4D
6eeo,P00918,J6V
6equ,P00918,BVE
6g3q,P00918,FO9
6got,P00918,F6W
6h29,P00918,FK8
6h2z,P00918,FKE
6h33,P00918,FKQ
6h34,P00918,FKK
6ql2,P00918,EZL
6ql1,P00918,V50
6oe1,P00918,M8V
6oe0,P00918,M8S
6odz,P00918,M8J
6ic2,P00918,BBJ
6gxe,P00918,FFH
6gxb,P00918,FF5
6g6t,P00918,ENN
6ugn,P00918,Q77
6ugp,P00918,Q7A
6ugr,P00918,Q71
6ugz,P00918,Q71
6uh0,P00918,PX7
1bp0,P00469,UMP
1jmf,P00469,UMP
1jmg,P00469,UMP
1bq4,P00950,BHC
1br6,P02879,PT1
1bxo,P00798,PP7
1bxq,P00798,PP8
2web,P00798,PP4
2wec,P00798,PP5
2wed,P00798,PP6
1bzc,P18031,TPI
1bzj,P18031,PIC
1c83,P18031,OAI
1c84,P18031,761
1c86,P18031,OPA
1c87,P18031,OPA
1c88,P18031,OTA
1ecv,P18031,878
1g7f,P18031,INZ
1g7g,P18031,INX
1gfy,P18031,COL
1kav,P18031,FEP
1l8g,P18031,DBD
1nl9,P18031,989
1nny,P18031,515
1no6,P18031,794
1nwl,P18031,964
1nz7,P18031,901
1ony,P18031,588
1onz,P18031,968
1pyn,P18031,941
1qxk,P18031,429
1xbo,P18031,IX1
2azr,P18031,982
2b07,P18031,598
2f6t,P18031,1C2
2h4g,P18031,694
2h4k,P18031,509
2hb1,P18031,512
2nt7,P18031,902
2nta,P18031,521
2qbp,P18031,527
2qbq,P18031,4B3
2qbr,P18031,910
2qbs,P18031,024
2zmm,P18031,35B
2zn7,P18031,410
3eax,P18031,LZP
3eb1,P18031,LZQ
4i8n,P18031,1CG
5k9w,P18031,OTA
5ka1,P18031,OTA
5ka7,P18031,OTA
5ka9,P18031,OTA
5kab,P18031,OTA
5kad,P18031,OTA
5t19,P18031,73U
1bzy,P00492,IMU
1c3x,P81989,8IG
1c5x,P00749,ESI
1c5y,P00749,ESP
1ejn,P00749,AGB
1f5k,P00749,BAM
1f5l,P00749,AMR
1gi7,P00749,120
1gjc,P00749,130
1o5a,P00749,696
1o5c,P00749,CR9
1owe,P00749,675
1owh,P00749,239
1sqa,P00749,UI1
1sqo,P00749,UI2
1sqt,P00749,UI3
1w0z,P00749,SI1
1w11,P00749,SK1
1w13,P00749,SM1
2r2w,P00749,4PG
2vnt,P00749,QGG
3kgp,P00749,4AZ
3mhw,P00749,ABV
4h42,P00749,11E
5za7,P00749,HMX
5za8,P00749,27I
5za9,P00749,50I
5zae,P00749,EAU
5zaf,P00749,28I
5zag,P00749,94I
5zaj,P00749,32I
5zc5,P00749,09I
6nmb,P00749,AMH
1c70,O92103,L75
1cet,Q27743,CLQ
1d2e,P49410,GDP
1d7i,P62942,DSS
1d7j,P62942,BUQ
1j4r,P62942,001
1df8,P22629,BTN
1swg,P22629,BTN
1swr,P22629,BTN
2izl,P22629,IMI
3rdo,P22629,BTN
3rdq,P22629,DTB
3wzn,P22629,BTN
3x00,P22629,ZOF
4y59,P22629,T21
4y5d,P22629,MT6
5b5f,P22629,6F3
5b5g,P22629,6FX
5n99,P22629,5-mer
1dgm,Q9TVW2,ADN
1dqn,Q24973,IMU
1duv,P04391,PSQ
1dy4,P62694,SNP
1dzk,P81245,PRZ
1e2k,P0DTH5,TMC
1e2l,P0DTH5,TMC
1e3g,P10275,R18
1xow,P10275,R18
1z95,P10275,198
2ax9,P10275,BHM
3b5r,P10275,B5R
3b65,P10275,3B6
3b66,P10275,B66
3b67,P10275,B67
3b68,P10275,B68
5cj6,P10275,51Y
1e3v,P07445,DXC
1ogx,P07445,EQU
5g2g,P07445,EQU
1e5j,O85465,4-mer
1h5v,O85465,5-mer
1ocq,O85465,IFM-BGC
1w3k,O85465,BGC-OXZ
1w3l,O85465,3-mer
8a3h,O85465,IDC
1e66,P04058,HUX
1gpk,P04058,HUP
1gpn,P04058,HUB
1h22,P04058,E10
1h23,P04058,E12
3zv7,P04058,NHG
5bwc,P04058,HBP
5nap,P04058,DZ7
5nau,P04058,DZ0
6euc,P04058,RM0
1e6q,P29736,NTZ
1e6s,P29736,GOX
1ec9,P0AES2,XYH
1ecq,P0AES2,DXG
1efy,P26446,BZC
6i8t,P26446,H7Z
6i8m,P26446,H7W
1egh,P0A731,PGA
1ik4,P0A731,PGH
1s89,P0A731,PGA
1enu,P28720,APZ
1f3e,P28720,DPZ
1k4g,P28720,AIQ
1k4h,P28720,APQ
1q65,P28720,BHB
1r5y,P28720,DQU
1s38,P28720,MAQ
1s39,P28720,AQO
2qzr,P28720,S79
2z1w,P28720,BDI
3gc4,P28720,AAQ
3gc5,P28720,2MQ
3ge7,P28720,AFQ
3rr4,P28720,HRD
4kwo,P28720,1UD
4lbu,P28720,1WJ
4leq,P28720,1WK
4pum,P28720,2WU
4q4o,P28720,2YM
4q4p,P28720,2YO
4q4q,P28720,SAQ
4q4r,P28720,SQO
4q4s,P28720,S98
5jxq,P28720,6OK
1ew8,P00634,PAE
1ew9,P00634,MMQ
1ex8,P26281,A4P
4f7v,P26281,J1D
1ez9,P0AEX9,4-mer
1ezq,P00742,RPR
1f0r,P00742,815
1f0s,P00742,PR2
1fjs,P00742,Z34
1g2l,P00742,T87
1ksn,P00742,FXV
1lpg,P00742,IMA
1lpk,P00742,CBB
1lpz,P00742,CMB
1mq5,P00742,XLC
1mq6,P00742,XLD
1nfu,P00742,RRP
1nfw,P00742,RRR
1nfx,P00742,RDR
1nfy,P00742,RTR
1xka,P00742,4PP
1z6e,P00742,IK8
2boh,P00742,IIA
2bok,P00742,784
2bq7,P00742,IID
2j2u,P00742,GSQ
2j34,P00742,GS6
2j4i,P00742,GSJ
2j94,P00742,G15
2j95,P00742,GSX
2jkh,P00742,BI7
2p16,P00742,GG2
2p95,P00742,ME5
2ra0,P00742,JNJ
2uwl,P00742,895
2uwo,P00742,701
2uwp,P00742,894
2vh0,P00742,GSI
2vh6,P00742,GSV
2vvc,P00742,LZF
2vvu,P00742,H22
2vvv,P00742,H21
2vwl,P00742,LZH
2vwm,P00742,LZI
2vwn,P00742,H25
2vwo,P00742,LZG
2w26,P00742,RIV
2wyg,P00742,461
2wyj,P00742,898
2xbv,P00742,XBV
2xbw,P00742,455
2xbx,P00742,RR8
2xc0,P00742,8NC
2xc4,P00742,IVK
2y5f,P00742,XWG
2y5g,P00742,FJD
2y5h,P00742,Y5H
2y7x,P00742,MZA
2y7z,P00742,C0Z
2y80,P00742,439
2y81,P00742,931
2y82,P00742,930
3cs7,P00742,LG0
3ffg,P00742,FFG
3liw,P00742,RUP
3m36,P00742,M35
3m37,P00742,M37
4a7i,P00742,A7I
4y79,P00742,4O6
5k0h,P00742,6PK
1f4e,P0A884,TPR
1f4f,P0A884,TP3
1f4g,P0A884,TP4
1f57,P00730,DCY
1hdq,P00730,INF
1hee,P00730,LHY
1iy7,P00730,CXA
2rfh,P00730,23N
3fvl,P00730,BHK
3fx6,P00730,BPX
3kgq,P00730,CIT
1f73,P44539,HMN
1f74,P44539,NAY
1f8b,P03472,DAN
1f8c,P03472,4AM
1f8d,P03472,9AM
1f8e,P03472,49A
2qwb,P03472,SIA
2qwc,P03472,DAN
2qwd,P03472,4AM
2qwe,P03472,GNA
2qwf,P03472,G20
1fao,Q9UN19,4IP
1fch,P50542,5-mer
1fcx,P13631,184
1fcy,P13631,564
1fcz,P13631,156
1fd0,P13631,254
1fh7,P07986,2-mer
1fh8,P07986,2-mer
1fh9,P07986,2-mer
1fhd,P07986,2-mer
1j01,P07986,XIL
1fkn,P56817,7-mer
1m4h,P56817,7-mer
2fdp,P56817,FRP
2g94,P56817,ZPQ
2p4j,P56817,23I
2qmg,P56817,SC6
2vkm,P56817,BSD
3bra,P56817,AEF
3buf,P56817,AEG
3bug,P56817,AEH
3buh,P56817,AED
3ckp,P56817,012
3i25,P56817,MV7
3kmx,P56817,G00
3kmy,P56817,D8Y
3l59,P56817,BDJ
3lpi,P56817,Z74
3lpk,P56817,Z76
3rsx,P56817,RSV
3ru1,P56817,3RU
3udh,P56817,091
4dju,P56817,0KK
4djv,P56817,0KM
4djw,P56817,0KP
4djx,P56817,0KQ
4djy,P56817,0KR
4fm7,P56817,0UP
4fm8,P56817,0UQ
4fs4,P56817,H24
4fsl,P56817,0VB
4gid,P56817,0GH
4h3f,P56817,10O
4h3g,P56817,10Q
4h3j,P56817,10W
4ha5,P56817,13W
5dqc,P56817,50000000
5htz,P56817,66J
5i3v,P56817,68M
5i3w,P56817,68L
5i3x,P56817,68J
5i3y,P56817,68K
5ie1,P56817,6BS
5v0n,P56817,8W4
6ej2,P56817,B7E
6ej3,P56817,B7T
6nv9,P56817,L3M
6nv7,P56817,L3J
6nw3,P56817,L4J
1fq5,P07267,0GM
1ft7,Q01693,PLU
1txr,Q01693,BES
3b3c,Q01693,PLU
3b3s,Q01693,LEU
3b3w,Q01693,LEU
3b7i,Q01693,PLU
3vh9,Q01693,HQY
1ftm,P19491,AMQ
1my4,P19491,IWD
1p1n,P19491,KAI
1p1o,P19491,QUS
1p1q,P19491,AMQ
1syh,P19491,CPW
1syi,P19491,CPW
1wvj,P19491,IBC
1xhy,P19491,KAI
2al5,P19491,FWD
2p2a,P19491,MP9
3bft,P19491,S2P
3bfu,P19491,R2P
3pd8,P19491,HA7
3pd9,P19491,HA5
3rtf,P19491,CWD
3tza,P19491,TZG
4g8m,P19491,G8M
4igt,P19491,3ZA
4isu,P19491,IKM
4n07,P19491,2J9
4o3c,P19491,ASP
4x48,P19491,XPF
5cbr,P19491,4ZK
5cbs,P19491,E42
5fhm,P19491,5XP
5fhn,P19491,5XO
5fho,P19491,5XN
5nih,P19491,8VE
6q60,P19491,HJH
6q54,P19491,HJ8
1fv0,P59071,9AR
1jq8,P59071,5-mer
1kpm,P59071,VIT
1q7a,P59071,OPB
1sv3,P59071,ANN
2arm,P59071,OIN
3h1x,P59071,IMN
4qem,P59071,HC4
4qer,P59071,STL
4qf7,P59071,C0R
4qf8,P59071,SPD
4qgd,P59071,PZZ
1fzq,Q9WUL7,GDP
1g2o,P9WP01,IMH
1n3i,P9WP01,DIH
1g74,P04117,OLA
2ans,P04117,2AN
2qm9,P04117,TDZ
3hk1,P04117,B64
1g7v,P0A715,PAI
1phw,P0A715,__N
1g85,P07435,3OL
1g98,Q9N1E2,PA5
1koj,Q9N1E2,PAN
1gvw,P11838,0EM
1gvx,P11838,6-mer
2v00,P11838,V15
3prs,P11838,RIT
3pww,P11838,ROC
3uri,P11838,8-mer
3wz6,P11838,IXZ
3wz7,P11838,IXY
3wz8,P11838,IXV
4y3j,P11838,HIC
4y3y,P11838,DCL
4y4j,P11838,LNR
5hct,P11838,61P
1gwv,P14769,LAT
1o7o,P14769,UDP
1gx8,P02754,RTL
2gj5,P02754,VD3
3nq3,P02754,DKA
3nq9,P02754,OCA
3ueu,P02754,DAO
3uev,P02754,MYR
3uew,P02754,PLM
3uex,P02754,STE
4gny,P02754,SDS
6ge7,P02754,EW8
6gf9,P02754,X90
6gfs,P02754,F15
6ghh,P02754,TDA
6qi7,P02754,PLM
1gyx,P31992,BEZ
1gyy,P31992,FHC
1h0a,O88339,I3P
1h46,Q7LHI2,RNP
1h4w,P35030,BEN
5tp0,P35030,BRN
1h6h,Q15080,PIB
1hi3,P10153,A2P
1hi4,P10153,A3P
1hi5,P10153,ADP
5e13,P10153,5J9
1hk4,P02768,T44
6ezq,P02768,C7K
1hlk,P25910,113
1hn4,P00592,MJI
3qlm,P00592,PLM
1hp5,O85361,NGT
1jak,O85361,IFG
5fcz,O85361,TNX
6s5k,P55055,KWE
6s4t,P55055,KVB
6s4n,P55055,KUW
4rak,P55055,652
5jy3,P55055,6OX
1hxw,P12499,RIT
2wkz,P12499,5AH
2wl0,P12499,5AH
2xye,P12499,CXG
2xyf,P12499,G40
4ej8,P12499,1F1
4ejl,P12499,IOP
1hyo,P35505,HBU
2hzy,P35505,DHJ
1i1e,P10844,DM2
1i2s,P00808,CIT
3b3x,P00808,A33
1i37,P15207,DHT
2ihq,P15207,LG7
3g0w,P15207,LGB
1i5r,P14061,HYC
3hb4,P14061,E2B
6mnc,P14061,J3Z
1ie9,P11473,VDX
1s19,P11473,MC9
1ii5,P73797,GLU
1iih,P04789,3PG
1kv5,P04789,PGA
2j27,P04789,PGA
2v2c,P04789,PGA
2v2h,P04789,PGA
1ikt,P51659,OXN
1izh,Q90EB9,Q50
1j14,P00763,BEN
1j16,P00763,BEN
1j17,P00763,ZEN
1ql9,P00763,ZEN
1j36,Q10714,LPR
1j37,Q10714,X8Z
2x8z,Q10714,X8Z
2x91,Q10714,LPR
2x95,Q10714,X95
2x96,Q10714,RX3
2x97,Q10714,RX4
2xhm,Q10714,K26
4ca7,Q10714,3EF
4ca8,Q10714,3ES
1jcx,O66496,PAI
3e12,O66496,KD0
1jgl,Q7TS98,EST
1jlr,Q26998,GTP
1upf,Q26998,URF
6s57,Q6PL18,KVT
6s56,Q6PL18,KVZ
4qsu,Q6PL18,TDR
4qsv,Q6PL18,THM
4tt2,Q6PL18,6-mer
4tte,Q6PL18,36Z
4tu4,Q6PL18,37N
4tz2,Q6PL18,39R
5a5q,Q6PL18,6XC
5a81,Q6PL18,78J
1jqy,P32890,A32
1pzi,P32890,1DM
1jyq,P62993,4-mer
3ov1,P62993,5-mer
3ove,P62993,5-mer
3s8l,P62993,5-mer
3s8n,P62993,5-mer
3s8o,P62993,5-mer
1jys,P0AF12,ADE
1nc1,P0AF12,MTH
1nc3,P0AF12,FMC
1y6q,P0AF12,TDI
1y6r,P0AF12,MTM
4yml,P0AF12,4F0
1jzs,P56690,MRC
1k1y,O32462,ACR
1k27,Q13126,MTM
6dz3,Q13126,OS6
6dz2,Q13126,OS5
6dz0,Q13126,OS3
6dyz,Q13126,OS2
1k6c,P35963,MK1
1k6p,P35963,XN3
1k6t,P35963,XN1
1k6v,P35963,XN2
1t7j,P35963,478
4a6b,P35963,QG8
4a6c,P35963,QG9
1kc7,P22983,PPR
1kdk,P04278,DHT
1lhu,P04278,EST
1kjr,P17931,3-mer
3t1m,P17931,DQT
5e89,P17931,TD2
5h9r,P17931,TGZ
6eog,P17931,BKK
6eol,P17931,BKH
6qlu,P17931,J62
6qlt,P17931,J5W
6qls,P17931,HRK
6qlr,P17931,J4N
6qlq,P17931,J4E
6qlp,P17931,J3Q
6qlo,P17931,J5E
6qln,P17931,J5Q
6qge,P17931,J1E
6qgf,P17931,J0T
1km3,O26232,UP6
1loq,O26232,U
1x1z,O26232,BMP
2zz1,O26232,6CN
2zz2,O26232,6CN
3g1d,O26232,U
3g1v,O26232,5FU
3w07,O26232,U5P
3wjw,O26232,U6M
1kmy,P47228,BPY
1lgt,P47228,BP3
1kug,O57413,3-mer
1kui,O57413,3-mer
1kuk,O57413,3-mer
1kv1,Q16539,BMU
1yqj,Q16539,6NP
2baj,Q16539,1PP
2bak,Q16539,AQZ
2bal,Q16539,PQA
2yix,Q16539,YIX
2zb1,Q16539,GK4
3d7z,Q16539,GK5
3d83,Q16539,GK6
3e92,Q16539,G6A
3e93,Q16539,19B
3gcp,Q16539,SB2
3gcs,Q16539,BAX
3gcu,Q16539,R48
3hl7,Q16539,I47
3hll,Q16539,I45
3hub,Q16539,469
3huc,Q16539,G97
3iph,Q16539,G11
3iw5,Q16539,DF3
3iw6,Q16539,PP0
3o8p,Q16539,BMU
3roc,Q16539,29A
4f9w,Q16539,LM4
4f9y,Q16539,LM3
5tbe,Q16539,78L
1kyv,Q9UUB1,RBF
1kzn,P0AES6,CBN
4duh,P0AES6,RLI
4zvi,P0AES6,4S4
1lbf,Q06121,137
1lee,P46925,R36
1lf2,P46925,R37
1lgw,P00720,1AN
1li2,P00720,IPH
1li3,P00720,3CH
1li6,P00720,5MP
4i7j,P00720,BNZ
4i7k,P00720,MBN
4i7l,P00720,IPH
4i7m,P00720,2LP
4i7p,P00720,ES3
4w52,P00720,BNZ
1lke,P09464,DOG
1lnm,P09464,DTX
1n0s,P09464,FLU
1lrh,P13689,NLA
1lyx,Q07412,PGA
1m0n,P16932,HCP
1m0o,P16932,MPM
1m0q,P16932,EPC
1zc9,P16932,PMP
1m1b,P56839,SPV
1m2p,P28523,HNA
1m2q,P28523,MNX
1m2r,P28523,MNY
1om1,P28523,IQA
1zoe,P28523,K25
1zog,P28523,K37
1zoh,P28523,K44
2oxd,P28523,K32
2oxx,P28523,K22
2oxy,P28523,K17
2pvh,P28523,P19
2pvj,P28523,P44
2pvk,P28523,P45
2pvl,P28523,P55
2pvm,P28523,P29
3be9,P28523,P04
3fl5,P28523,TXQ
3pwd,P28523,CZ0
1m2x,O08498,MCO
1m48,P60568,FRG
1m5w,P0A794,DXP
1m7y,P37821,PPG
1m83,P00953,ATP
1mfi,P34884,FHC
1moq,P17169,GLP
1xff,P17169,GLU
1mrn,P9WKE1,T5A
1mrs,P9WKE1,5HU
4unp,P9WKE1,TXW
1n1m,P27487,A3M
2oag,P27487,DLI
2ole,P27487,KR2
3nox,P27487,6A5
3sww,P27487,KXB
4jh0,P27487,1MD
4lko,P27487,1WH
5kby,P27487,6RL
1n46,P10828,PFA
1n4k,P11881,I3P
1n51,P15034,4-mer
1n5r,P21836,PRM
1q84,P21836,TZ4
2ha2,P21836,SCK
2ha3,P21836,CHT
2ha6,P21836,SCK
2whp,P21836,HI6
4ara,P21836,C56
4arb,P21836,C57
5ehq,P21836,5O2
1ndv,P56658,FR0
1ndw,P56658,FR2
1ndy,P56658,FR3
1ndz,P56658,FR5
1o5r,P56658,FR9
1qxl,P56658,FR8
1uml,P56658,FR4
1v7a,P56658,FRC
2e1w,P56658,FR6
1nf8,P0DPC1,ISC
1nhu,P26663,153
1os5,P26663,NH1
3cj2,P26663,SX3
3cj4,P26663,SX5
3cj5,P26663,SX6
3mf5,P26663,HJZ
4b73,P26663,4VA
4b74,P26663,1LH
4b76,P26663,PW1
4eo6,P26663,0S2
4eo8,P26663,0S3
4ih5,P26663,12R
4ih6,P26663,1EP
4ih7,P26663,1ER
1nhz,P04150,486
1njs,P22102,KEU
4ew2,P22102,DXY
4ew3,P22102,DXZ
1nki,Q9I4K6,PPF
1nli,P09989,ADE
1np0,P07686,NGT
1nvq,O14757,UCN
1nvr,O14757,STU
1nvs,O14757,UCM
2br1,O14757,PFP
2brb,O14757,PFQ
2brm,O14757,DFZ
2c3l,O14757,IDZ
2e9u,O14757,A25
3jvr,O14757,AGX
3jvs,O14757,AGY
5oot,O14757,4K4
5op4,O14757,A0T
5op5,O14757,3FE
5oq8,O14757,A0Q
1nw4,Q8I3X4,IMH
1q1g,Q8I3X4,MTI
6aqs,Q8I3X4,IM5
1nw5,P14751,SAM
1nw7,P14751,SAH
1o5e,P05981,132
1p57,P05981,CR4
1o86,P12821,LPR
2oc2,P12821,RX3
2xyd,P12821,3ES
3bkk,P12821,KAF
3bkl,P12821,KAW
3l3n,P12821,LSW
3nxq,P12821,RX4
4ca5,P12821,3EF
4ca6,P12821,3EF
6en5,P12821,BJ2
6f9u,P12821,D0W
6f9v,P12821,D0Z
6h5x,P12821,FT8
1oar,P01724,AZN
1oau,P01724,SER-DNF
1oba,P15057,CHT
1od8,P26514,XDL-XYP
1v0k,P26514,XDN-XYP
1v0l,P26514,XIF-XYP
1odi,Q5SID9,ADN
1odj,Q5SID9,GMP
1oe8,P30114,GSH
1ogd,P36946,RIP
1ogg,P11797,3-mer
1ogz,P00947,EQU
1ohr,Q9Q288,1UN
1oif,Q08638,IFM
1uz1,Q08638,IFL
1w3j,Q08638,OXZ
2cbu,Q08638,CTS
2cbv,Q08638,CGB
2ces,Q08638,GIM
2cet,Q08638,PGI
2j75,Q08638,NOY
2j77,Q08638,NOJ
2j78,Q08638,GOX
2j79,Q08638,GTL
2j7b,Q08638,NTZ
2j7d,Q08638,GI1
2j7e,Q08638,GI2
2j7f,Q08638,GI3
2j7g,Q08638,GI4
2j7h,Q08638,AZF
2vrj,Q08638,NCW
2wbg,Q08638,LGS
2wc3,Q08638,AM3
2wc4,Q08638,AMF
5n6s,Q08638,8P5
5oss,Q08638,AEZ
1ork,P0ACT4,ATC
1os0,P00800,0PQ
1qf0,P00800,TI2
1qf1,P00800,TI1
1qf2,P00800,TI3
1z9g,P00800,RRT
1zdp,P00800,TIO
3fcq,P00800,M3S
5js3,P00800,6MG
5jss,P00800,6NG
5jt9,P00800,7AF
5jvi,P00800,6QC
5jxn,P00800,6NN
5lif,P00800,6XO
5lvd,P00800,79F
5lwd,P00800,79E
5m9w,P00800,7GR
5ma7,P00800,7K0
5mnr,P00800,JC2
5n2t,P00800,8KK
5n2z,P00800,8JH
5n31,P00800,8LB
5n34,P00800,8JQ
5n3v,P00800,8L5
5n3y,P00800,8L2
1oss,P00775,BEN
1oxr,P60045,AIN
1td7,P60045,NFL
1oz0,P31335,MS1
1thz,P31335,326
2b1g,P31335,13A
2b1i,P31335,93A
1p19,Q4DRC4,IMP
1pa9,P15273,CSN
1pb8,P35439,DSN
1pb9,P35439,4AX
1pbq,P35439,DK1
1y1z,P35439,192
1y20,P35439,1AC
4kfq,P35439,KFQ
1pfu,P00959,MPJ
1pkx,P31939,XMP
1pme,P28482,SB2
2ojg,P28482,19A
2ojj,P28482,82A
3i5z,P28482,Z48
3i60,P28482,E86
4qp2,P28482,36R
1pr5,P0ABP9,TBN
1ps3,Q24451,KIF
2f7o,Q24451,MSN
2f7p,Q24451,2SK
3d4y,Q24451,MVL
3d4z,Q24451,GIM
3d50,Q24451,OEV
3d51,Q24451,GOX
3d52,Q24451,GHR
3ddf,Q24451,GB6
3ddg,Q24451,GB7
3dx1,Q24451,YHO
3dx2,Q24451,MZB
3dx3,Q24451,YTB
3dx4,Q24451,GOO
3ejp,Q24451,HN2
3ejq,Q24451,HN3
3ejr,Q24451,HN4
1pvn,P50097,MZP
1px4,P00722,IPT
3dyo,P00722,IPT
3i3b,P00722,149
3muz,P00722,IPT
3mv0,P00722,149
3t08,P00722,IPT
3t09,P00722,149
3t0b,P00722,IPT
3t0d,P00722,149
3t2q,P00722,149
3vd4,P00722,IPT
3vd9,P00722,IPT
3vdb,P00722,149
1pzp,P62593,FTA
1q54,Q46822,BHI
2vnp,Q46822,DED
1q5k,P49841,TMU
3i4b,P49841,Z48
4acc,P49841,7YG
6hk4,P49841,G8E
6hk3,P49841,G8B
1q91,Q9NPB1,DPB
6g2l,Q9NPB1,EJ8
6g2m,Q9NPB1,O84
1qan,P13956,SAH
1qaw,Q9X6J6,TRP
1qft,O77421,HSM
1qin,Q04760,GIP
1qji,P07584,PKF
1qk3,Q26997,5GP
1qk4,Q26997,IMP
1qkt,P03372,EST
2ayr,P03372,L4G
2pog,P03372,WST
2qe4,P03372,JJ3
1qy1,P11588,PRZ
1qy2,P11588,IPZ
1r0p,P08581,KSA
2wgj,P08581,VGH
3q6w,P08581,Q6W
3r7o,P08581,M61
3u6h,P08581,03X
3u6i,P08581,044
3zbx,P08581,6XE
3zc5,P08581,W9Z
3zcl,P08581,5TF
3zxz,P08581,KRW
3zze,P08581,6XP
4aoi,P08581,4K0
4ap7,P08581,F47
4gg7,P08581,0J8
5ya5,P08581,6TD
1r1h,P08473,BIR
1r1j,P08473,OIR
1r9l,P0AFM2,BET
1rd4,P20701,L08
3f78,P20701,ICF
1rmz,P39900,NGH
2hu6,P39900,37A
3ehx,P39900,BDL
3ehy,P39900,TBL
3f15,P39900,HS1
3f16,P39900,HS3
3f17,P39900,HS4
3f18,P39900,HS5
3f19,P39900,HS6
3f1a,P39900,HS7
3lir,P39900,EEC
3ljg,P39900,EEF
3lk8,P39900,Z79
3lka,P39900,M4S
3n2u,P39900,D3X
3n2v,P39900,JT5
3nx7,P39900,NHK
3ts4,P39900,EEG
3tsk,P39900,QEG
4efs,P39900,E37
4gql,P39900,R47
4gr0,P39900,R4B
4gr3,P39900,R45
4gr8,P39900,R4C
5cxa,P39900,55L
5czm,P39900,R47
5d3c,P39900,56O
1ro6,Q07343,ROL
3o56,Q07343,ZG1
5laq,Q07343,6M5
1rp7,P0AFG8,TZD
2qta,P0AFG8,TDP
1rpj,P39265,ALL
1rql,O31156,VSO
1rr6,P00491,IMH
2on6,P00491,IMH
3bgs,P00491,DIH
3k8o,P00491,229
3k8q,P00491,22A
4eb8,P00491,IM5
5etj,P00491,IM5
1s5z,P22887,SON
4cp5,P22887,EOI
1ssq,P43886,CYS
1sw2,O29280,BET
3mam,O29280,BET
1t31,P23946,OHH
3n7o,P23946,N7O
5yjm,P23946,8W3
1t32,P08311,OHH
1t5f,P07824,DHH
1t7d,P00803,ARY
1tq4,Q9QZ85,GDP
1u0g,P06745,E4P
1u1w,Q51792,3HA
1u33,P04746,LM2
1xd0,P04746,ARE
3old,P04746,6-mer
4gqq,P04746,0XR
4gqr,P04746,MYC
1u71,P00374,MXA
3oaf,P00374,OAG
4g95,P00374,OAG
1ua4,Q9V2Z6,AMP
1ucn,P15531,ADP
1uho,O76074,VDN
1ui0,Q5SKC5,URA
1uj5,Q72J47,5RP
1uou,P19971,CMU
2wk6,P19971,IUR
1ur9,Q54276,3-mer
1usi,P04816,PHE
1usk,P04816,LEU
1utj,P35031,ABN
1utl,P35031,PRA
1utm,P35031,PEA
1uv6,P58154,CCE
1uw6,P58154,NCT
3u8j,P58154,09O
3u8k,P58154,09P
3u8l,P58154,09Q
3u8n,P58154,09S
3wtj,P58154,TH4
3wtl,P58154,N1Y
3wtm,P58154,N1Y
3wtn,P58154,N2Y
3wto,P58154,N2Y
3zdg,P58154,XRX
3zdh,P58154,XRS
4alx,P58154,IZN
4qac,P58154,KK3
1uwf,P08191,DEG
4att,P08191,HNV
4auj,P08191,HNW
4av4,P08191,FVQ
4av5,P08191,FYZ
4avh,P08191,FK9
4avi,P08191,XNS
4avj,P08191,J73
4css,P08191,CWX
4cst,P08191,CWK
4lov,P08191,KGM
4x50,P08191,3X8
4x5p,P08191,3XJ
4x5q,P08191,3XN
4x5r,P08191,3XO
4xo8,P08191,KGM
5fs5,P08191,KGM
6g2s,P08191,EJN
6g2r,P08191,EJK
1uwt,P22498,GTL
1uwu,P22498,GOX
2ceq,P22498,GIM
2cer,P22498,PGI
1uz4,Q6QT42,IFL
1uz8,P01811,3-mer
1v1j,P15474,FA3
1vso,P22756,AT1
2f34,P22756,UBA
2f35,P22756,UBC
2pbw,P22756,DOQ
2wky,P22756,IBC
3gba,P22756,DYH
3gbb,P22756,MS8
3s2v,P22756,3HU
4dld,P22756,TZG
4e0x,P22756,KAI
4qf9,P22756,35K
4ymb,P22756,40000000
5neb,P22756,8VE
6fz4,P22756,EC8
6sbt,P22756,L5H
1vyf,P29498,OLA
1vyg,P29498,ACD
1w96,Q00955,S1A
1w9u,Q873X9,5-mer
1w9v,Q873X9,5-mer
2iuz,Q873X9,D1H
1wc1,O32393,TAT
1wcq,Q02834,DAN
1wdn,P0AEQ3,GLN
1wm1,O32449,PTB
1wn6,P0C2P0,BST
1ws1,Q819U0,BB2
1wuq,Q5SH52,8GT
1wur,Q5SH52,8DG
1x38,Q9XEI3,IDD
1x39,Q9XEI3,IDE
6md6,Q9XEI3,JSV
1x8d,P32156,RNS
1x8j,Q26490,AOI
1x8r,P0A6D3,SC1
1x8t,P0A6D3,RC1
2pq9,P0A6D3,GG9
1xap,P10826,TTB
1xgi,P00811,NST
2pu2,P00811,DK2
2r9w,P00811,23C
2r9x,P00811,WH6
3gqz,P00811,GF7
3gr2,P00811,GF4
3gtc,P00811,GTC
3gv9,P00811,GV9
3gvb,P00811,3GV
4jxs,P00811,18U
4kz3,P00811,1U1
4kz4,P00811,4A1
4kz6,P00811,ZB6
4kz7,P00811,1U5
6dpz,P00811,H7D
6dpy,P00811,H7A
6dpx,P00811,H7G
6dpt,P00811,H7M
1xjd,Q04759,STU
1xk5,O95149,TPG
1xk9,P11439,P34
1xkk,P00533,FMM
3ug2,P00533,IRE
4rj8,P00533,3QS
5c8n,P00533,4YX
5cap,P00533,4ZH
5caq,P00533,4ZJ
5cas,P00533,4ZQ
5cau,P00533,4ZR
5hcy,P00533,60D
1xt8,Q0P9S0,CYS
1xws,P11309,BI1
2c3i,P11309,IYZ
2xj1,P11309,XJ1
2xj2,P11309,985
3bgq,P11309,VX2
3bgz,P11309,VX3
3jy0,P11309,LYG
3jya,P11309,LWG
4k0y,P11309,1OA
4k18,P11309,1OB
4n6z,P11309,2HW
5dwr,P11309,5H7
5ipj,P11309,6CD
5v82,P11309,96Y
6no9,P11309,KUV
1y3n,Q9KWT6,2-mer
1y3p,Q9KWT6,4-mer
1yc1,P07900,4BC
1yc4,P07900,43P
1yet,P07900,GDM
2qg0,P07900,A94
2qg2,P07900,A91
2uwd,P07900,2GG
2xab,P07900,VHD
2xdk,P07900,XDK
2xdl,P07900,2DL
2xdx,P07900,WOE
2xht,P07900,C0Y
2xjg,P07900,XJG
2xjj,P07900,L81
2xjx,P07900,XJX
2yi0,P07900,YI0
2yi7,P07900,BZ8
2yki,P07900,YKI
3b24,P07900,B2J
3b25,P07900,B2K
3b26,P07900,B2L
3b27,P07900,B2T
3d0b,P07900,SNX
3eko,P07900,PYU
3ekr,P07900,PY9
3hek,P07900,BD0
3k97,P07900,4CD
3k99,P07900,PFT
3qdd,P07900,94M
3r4m,P07900,WOE
3r4n,P07900,FU5
3r4p,P07900,FU7
3rlp,P07900,3RP
3rlq,P07900,3RQ
3rlr,P07900,3RR
3vha,P07900,VHA
3vhc,P07900,VHC
3vhd,P07900,VHE
3wha,P07900,WHA
4b7p,P07900,9UN
4bqg,P07900,50Q
4cwf,P07900,H05
4cwn,P07900,6LV
4cwo,P07900,T62
4cwp,P07900,TV2
4cwq,P07900,W2D
4cwr,P07900,HAJ
4cws,P07900,G3R
4cwt,P07900,IK9
4egk,P07900,RDC
4fcq,P07900,2N6
4nh7,P07900,E0G
4nh8,P07900,2LC
4o04,P07900,2Q8
4o05,P07900,2Q9
4o07,P07900,FGH
4o09,P07900,2R6
4o0b,P07900,2QA
4xip,P07900,40W
4xiq,P07900,40Y
4xir,P07900,40X
4xit,P07900,40Z
5fnc,P07900,IEE
5fnd,P07900,IQ5
5fnf,P07900,TQL
5j20,P07900,6FJ
5j27,P07900,6FJ
5j2x,P07900,6DL
5j64,P07900,6G7
5j6l,P07900,6GC
5j6m,P07900,6FJ
5j6n,P07900,6FF
5j82,P07900,6GV
5j86,P07900,6GW
5j8m,P07900,6DL
5j8u,P07900,6FJ
5j9x,P07900,6GC
5lny,P07900,70K
5nyh,P07900,9EK
5odx,P07900,9RZ
5vyy,P07900,9QY
6ei5,P07900,B5Q
6el5,P07900,PU1
6eln,P07900,P4A
6elo,P07900,BAW
6elp,P07900,BA8
6ey8,P07900,C4T
6ey9,P07900,C4N
6eya,P07900,C4K
6eyb,P07900,C3Z
6f1n,P07900,C8W
6olx,P07900,KFY
6n8x,P07900,KFY
6fcj,P07900,D4W
6hhr,P07900,G5E
1ydk,P08263,GTX
4hj2,P08263,LZ6
1yfz,Q8R7L0,IMP
1yq7,P14324,RIS
2f94,P14324,BFQ
2f9k,P14324,ZOL
4pvx,P14324,YS1
4pvy,P14324,JD1
5ja0,P14324,FPP
1yqy,P15917,915
4dv8,P15917,0LX
1yvm,P0AE18,TMG
1z4o,P71447,GL1
2wf5,P71447,BG6
1zhy,P35844,CLR
1zs0,P22894,EIN
1zvx,P22894,FIN
3tt4,P22894,E1S
2a14,O95050,SAH
2a4m,Q9RVD6,TRP
2a5b,P02701,8HG
2a5c,P02701,8DA
2a8g,P02701,GNG
2jgs,P02701,BTN
5chk,P02701,55R
2a5s,Q00959,GLU
2afw,Q16769,AHN
2afx,Q16769,1BN
3pbb,Q16769,PBD
2aj8,P22411,SC3
2am4,P27115,U2F
2amt,P62617,1AA
2gzl,P62617,2AA
3elc,P62617,F01
2b4l,P46922,BET
2bes,P9WKD7,RES
2bet,P9WKD7,DEZ
2bfq,O28751,AR6
2bfr,O28751,ADP
2bo4,Q9RFR0,FLC
2boj,Q9HYN5,ARW
2jdm,Q9HYN5,MFU
2jdp,Q9HYN5,MFU
2jdu,Q9HYN5,MFU
3zdv,Q9HYN5,F1A-MMA
2bqv,O92139,A1A
2bt9,Q8XXK6,MFU
4csd,Q8XXK6,MFU
2bvd,P16218,ISX
2byr,Q8WSF8,MLK
2bys,Q8WSF8,LOB
2pgz,Q8WSF8,COC
2wn9,Q8WSF8,ZY5
2wnc,Q8WSF8,TKT
2wnj,Q8WSF8,ZY7
2x00,Q8WSF8,GYN
2xys,Q8WSF8,SY9
2xyt,Q8WSF8,TC9
2ymd,Q8WSF8,SRO
2yme,Q8WSF8,CWB
3c79,Q8WSF8,IM4
3c84,Q8WSF8,TH4
3sio,Q8WSF8,MLK
4dbm,Q8WSF8,0J0
4xk9,Q8WSF8,41J
5obg,Q8WSF8,SY9
5oaj,Q8WSF8,TKT
5o87,Q8WSF8,NCT
2bz6,P08709,346
4ish,P08709,1GE
4isi,P08709,1GG
4na9,P08709,1T7
4x8u,P08709,3ZB
4x8v,P08709,3Z9
5l30,P08709,70A
5u6j,P08709,82J
2c1p,Q58EU8,FNZ
2c80,P30113,GTX
2ca8,P30113,GSH
2c92,P9WHE9,TP6
2c94,P9WHE9,TSF
2c97,P9WHE9,JCL
2cbj,Q0TR53,OAN
2j62,Q0TR53,GSZ
2wb5,Q0TR53,VGB
2x0y,Q0TR53,X0T
2xpk,Q0TR53,Z0M
2cbz,P33527,ATP
2cc7,B0R5M0,LUM
2ccb,B0R5M0,RBF
2ccc,B0R5M0,LFN
2ce9,Q04724,5-mer
2cej,Q8Q3H0,1AH
4a4q,Q8Q3H0,UX9
2cen,Q5RZ09,4AH
2cex,P44542,DAN
3b50,P44542,SLB
2d0k,P0ABQ4,FOL
2d1n,P45452,FA4
3kek,P45452,3EK
3ljz,P45452,LA3
3tvc,P45452,E3P
456c,P45452,CBP
4l19,P45452,1UA
2d3u,Q99AU2,CCT
2d3z,Q99AU2,FIH
2doo,P52699,C4H
5ev8,P52699,3R9
5ewa,P52699,9BZ
2dw7,Q89FH0,SRT
2e2p,Q96Y14,ADP
2e2r,P62508,2OH
2p7a,P62508,43M
2p7g,P62508,2OH
2p7z,P62508,OHT
6i67,P62508,H42
6i66,P62508,H4Q
6i65,P62508,H3Z
6i64,P62508,H48
6i63,P62508,2OH
6i62,P62508,27N
6i61,P62508,H3W
2e7f,Q46389,C2F
2ogy,Q46389,C2F
2e91,Q12051,ZOL
2e92,Q12051,M0N
2e94,Q12051,364
2epn,Q6ST21,NGT
2euk,Q9NZD2,3-mer
2evl,Q9NZD2,3-mer
2ewa,P47811,SB2
2ewb,P00727,ZED
2ews,Q6G7I0,ANP
2f1g,P25774,GNF
2hhn,P25774,GNQ
3n3g,P25774,93N
2f2h,P31434,XTG
2fle,Q9J2R0,AI
2fpz,P20231,270
2za5,P20231,2FF
2fqo,O34667,HYI
2fqt,O34667,H1D
2fqw,P29724,NOS
2fqx,P29724,GMP
2fqy,P29724,ADN
2fu8,P52700,MCO
2qdt,P52700,I38
5dpx,P52700,L3B
5evb,P52700,3R9
5evd,P52700,VC2
5evk,P52700,3C7
2fw6,Q2QJL3,CIT
2fxu,P68135,BID
2fxv,P42085,5GP
2gh9,Q72I44,MLR
2gkl,P26918,PD2
3iof,P26918,IFS
3iog,P26918,SDF
2gl0,Q8ZVF7,ADN
2glp,O25928,BDE
2gsu,Q8PIS1,AMP
2gv6,Q9Y5Y6,730
2gv7,Q9Y5Y6,672
4jyt,Q9Y5Y6,N4A
4jz1,Q9Y5Y6,F4D
4jzi,Q9Y5Y6,N4C
4o97,Q9Y5Y6,NTX
4o9v,Q9Y5Y6,NT4
2gvj,P43490,DGB
4n9c,P43490,2ZM
5upe,P43490,8HY
5upf,P43490,8HV
2gvv,Q7SIG4,DI9
2gz2,A0A0H2UPS5,A2P
2h21,Q43088,SAM
2h6b,Q8RPJ2,3C4
2h6t,P0CY29,6-mer
2haw,P37487,2PN
2hmu,O32080,ATP
2hmv,O32080,ADP
2hnx,P15090,PLM
5d45,P15090,57P
5d47,P15090,L19
5d48,P15090,L96
5edb,P15090,5M8
5edc,P15090,5M7
5hz6,P15090,65Y
5hz8,P15090,65Z
5y12,P15090,8JX
5y13,P15090,8K0
2hxm,P13051,302
2hzl,Q3J1R2,PYR
2i0a,O38723,MUI
2psu,O38723,MUU
2i19,Q86C09,1BY
3egt,Q86C09,722
2i2c,Q8Y8D7,DTA
4dy6,Q8Y8D7,A22
5dhu,Q8Y8D7,5A8
2i3h,Q96CA5,4-mer
2i3i,Q96CA5,618
3f7g,Q96CA5,389
3f7h,Q96CA5,419
3f7i,Q96CA5,G13
3gt9,Q96CA5,516
3gta,Q96CA5,851
2i4j,P37231,DRJ
2i4z,P37231,DRH
2p4y,P37231,C03
2yfe,P37231,YFE
4a4v,P37231,YFD
4a4w,P37231,YFB
4r06,P37231,30000000
5f9b,P37231,5VN
5lsg,P37231,QZQ
6md0,P37231,OLA
6dgr,P37231,GDY
6dgq,P37231,GBV
6dgl,P37231,GEV
2i6b,P55263,89I
2i80,Q5HEB7,G1L
2ihj,Q15KI8,CSF
2iko,P00797,7IG
3d91,P00797,REM
3own,P00797,3OX
4s1g,P00797,43T
2isw,O97447,PGH
3ohi,O97447,HDX
2j47,Q89ZI2,GDV
2j4g,Q89ZI2,NB1
2jiw,Q89ZI2,BEU
2vvn,Q89ZI2,NHT
2vvs,Q89ZI2,OAN
2w4x,Q89ZI2,STZ
2w66,Q89ZI2,HQ6
2w67,Q89ZI2,F34
2wca,Q89ZI2,NP6
2xj7,Q89ZI2,GC2
2xm1,Q89ZI2,LTM
2xm2,Q89ZI2,LOG
2jew,P09955,720
2jf4,P13482,VDM
2jg0,P13482,TTZ
2jjb,P13482,3CU+GLC
2jfz,Q9ZLT0,003
2jke,G8JZS4,NOJ
2jkp,G8JZS4,CTS
2zq0,G8JZS4,ACR
2nmx,P00915,M25
2nn1,P00915,M28
2nn7,P00915,M29
3lxe,P00915,TOR
6evr,P00915,BZW
6ex1,P00915,N19
6f3b,P00915,CJK
6faf,P00915,D3B
6g3v,P00915,FO9
6fag,P00915,EON
2nsj,P0AG18,C2R
2nsl,P0AG18,C2R
2o0u,P53779,C0M
2o8h,Q9QYJ6,227
2ovv,Q9QYJ6,PFH
2ovy,Q9QYJ6,PFJ
2oax,P08235,SNL
5hcv,P08235,60R
2oi0,P78536,283
3b92,P78536,440
3ewj,P78536,642
3kmc,P78536,403
3l0v,P78536,724
3le9,P78536,727
3lea,P78536,Z93
2oi2,A0A0H2UNK6,DP6
2oiq,P00523,STI
4o2p,P00523,11V
4ybk,P00523,4B7
2ot1,P00883,N3P
2oxn,Q9KU37,OAN
3gs6,Q9KU37,NP6
3gsm,Q9KU37,VPU
2oym,O33853,MNI
2p3a,Q6BB74,3TL
2p3c,Q6Q004,3TL
2p3i,P12473,MNA
2p4s,A4Q998,DIH
2p53,P0AF18,NNG
2pqb,Q9R4E4,GG9
2pqc,Q9R4E4,RC1
2pql,Q9BIH3,TSS
2psv,O38707,MUV
2ptz,Q38BV6,PAH
2pu1,Q9NDH8,FSG
2pvu,D0VWX8,LYS
2q2a,D0VWX8,ARG
2pwd,Q2PS28,NOJ
2pwg,Q2PS28,CTS
2py4,P9WNS5,DUP
5ect,P9WNS5,DUP
5edd,P9WNS5,DUP
2pyy,D0VWX9,GLU
2q54,O38710,MU1
2q5k,O38710,AB1
2q55,O38719,MU0
2q6f,P0C6Y3,6-mer
2q88,Q92WC8,4CS
2q89,Q92WC8,6CS
2q8h,Q15118,TF4
2q8m,P0A993,AMP
2q8z,Q8IJH3,NUP
2qbu,O27402,SAH
2qbw,Q96RT1,8-mer
2qpq,Q7W019,CIT
2qpu,P00693,QPU
2qrk,P38998,AMP
2qrl,P38998,OGA
2qtg,Q9T0I8,MTH
2qtt,Q9T0I8,FMC
3lgs,Q9T0I8,SAH
2qu6,P35968,857
3vhk,P35968,BPK
4ag8,P35968,AXI
4agc,P35968,AXI
4asd,P35968,BAX
4ase,P35968,AV9
2qw1,P0AEE5,3MG
2r0h,Q206Z5,CTO
2r58,Q9VHA0,MLY
2r5a,Q9VHA0,MLZ
2r59,P09960,PH0
2vj8,P09960,HA2
3b7r,P09960,BIR
3b7u,P09960,KEL
3fh7,P09960,25P
4l2l,P09960,1V6
2r5p,O12158,MK1
2r75,O66809,01G
2ra6,Q29147,ETY
2rcb,Q8VHN2,DSN
2rcn,Q8ZKB0,GDP
2rd6,P09874,78P
3gjw,P09874,GJW
3l3l,P09874,L3L
3l3m,P09874,A92
4und,P09874,2YQ
4zzz,P09874,FSU
5xsr,P09874,8EC
6bhv,P09874,DQV
2reg,Q92N37,CHT
2rin,Q92N37,ACH
2ri9,P31723,LDY
2rio,P32361,ADP
2rk8,P07379,PPF
2rka,P07379,PGA
2rkd,P07379,3PP
2rke,P07379,SAT
3mof,P07379,OXL
6p5o,P07379,O2Y
2rkf,Q90JJ9,AB1
4m8x,Q90JJ9,KGQ
4m8y,Q90JJ9,KGQ
2rkg,A0F6C5,AB1
2std,P56221,CRP
3std,P56221,MQ0
4std,P56221,BFS
5std,P56221,UNN
6std,P56221,MS2
7std,P56221,CRP
2uxi,Q9AIU0,G50
2uy3,P29029,H33
2uy4,P29029,AZM
2uy5,P29029,H35
2uyn,P0AGL2,2KT
2uyq,Q9CCZ4,SAM
2uz9,Q9Y2T3,XAN
2v25,Q0P9X8,ASP
2v2q,O67060,NVG
2v2v,O67060,V12
2v3d,P04062,NBV
2v3u,Q63226,DSN
5cc2,Q63226,CKA
2v54,P68693,TYD
2v58,P24182,LZJ
2v59,P24182,LZK
3rv4,P24182,ADP
2v77,P15085,PAY
2v7a,P00519,627
3pyy,P00519,3YY
4twp,P00519,AXI
4wa9,P00519,AXI
5hu9,P00519,66K
2v95,P31211,HCY
2vb8,P0A953,TLM
2vba,P0A953,P4T
2vc9,A0A0H2YU91,NOK
2ves,P47205,GVR
4lch,P47205,1WN
5drr,P47205,5EN
2vfk,Q6JP77,AMP
2vhj,Q94M05,ADP
2vjx,Q8AAK6,IFL
2vl4,Q8AAK6,MNM
2vmf,Q8AAK6,MVL
2vo5,Q8AAK6,VBZ
2vot,Q8AAK6,NHV
2vqt,Q8AAK6,15A
2vk2,P39325,GZL
2vk6,Q59310,DAN
2vmc,P42530,NGA
2vmd,P42530,MBG
2vo4,O49235,4NM
2vpn,E1VBK1,4CS
2vpo,E1VBK1,6CS
2vsl,P98170,4-mer
3cm2,P98170,X23
3hl5,P98170,9JZ
4j44,P98170,4-mer
4j45,P98170,4-mer
4j46,P98170,4-mer
4j47,P98170,4-mer
4j48,P98170,4-mer
6gjw,P98170,F2H
2vt3,O05521,ATP
2vuk,P04637,P83
4agl,P04637,P84
4agm,P04637,P86
4agn,P04637,NXG
4ago,P04637,P74
4agp,P04637,P51
4agq,P04637,P96
5a7b,P04637,KMN
5aba,P04637,UL7
5aoi,P04637,RZH
5aoj,P04637,Y0V
5aol,P04637,UFV
5g4m,P04637,O82
5g4n,P04637,O83
5g4o,P04637,O80
5o1d,P04637,9GW
5o1f,P04637,9GQ
5o1h,P04637,9GN
6ggf,P04637,EXQ
6ggb,P04637,EXQ
6gga,P04637,EY2
2vw1,Q54727,DAN
2vw2,Q54727,NHE
2vxn,P48499,PGH
2vyt,Q9UQR0,MLZ
2vzr,Q56F26,GCU
2x09,Q56F26,X09
2w08,P02743,TPO
3kqr,P02743,OPE
4avs,P02743,N7P
4ayu,P02743,N8P
2w47,A3DK57,UNF
2w8j,Q93UV0,PLS
2w8w,Q93UV0,PLS
2w9h,P0A017,TOP
2we3,P03195,DUT
2wjg,Q57986,GDP
2wly,P07254,2-mer
2wlz,P07254,2-mer
2wm0,P07254,3-mer
2wor,P31151,2AN
2wos,P31151,6AN
2wq5,P15445,MIY
2wr8,O58212,SAH
2wtv,O14965,ZZL
3myg,O14965,EML
3uo4,O14965,0C0
3uod,O14965,0C3
3up2,O14965,0C8
5orv,O14965,A65
5orw,O14965,A6E
5os2,O14965,A7K
5os4,O14965,A8H
5os5,O14965,A8K
5ose,O14965,A98
6c2r,O14965,EG7
2wuf,P9WNH5,KEM
2wvt,Q8A3I4,FHN
2xib,Q8A3I4,DFU
2xii,Q8A3I4,TA9
4j28,Q8A3I4,EAT
4jfs,Q8A3I4,16Z
4pcs,Q8A3I4,2M7
4pee,Q8A3I4,2OX
6hzy,Q8A3I4,GYZ
2wvz,Q8A0N1,KIF
2wzs,Q8A0N1,MVL
2wyf,Q05097,GLA-MBG
3zyf,Q05097,147
4a6s,Q05097,GS9
4ljh,Q05097,GAL-MHD
4lk7,Q05097,2-mer
5d21,Q05097,56N
2wzf,Q5ZVS2,UDP-BGC
2wzm,A0QV09,NA7
2x2r,P52732,X2O
5zo8,P52732,4C5
2x4z,O96013,X4Z
4app,O96013,N53
4o0x,O96013,2OQ
4o0y,O96013,2OO
5xva,O96013,8FU
5xvg,O96013,8FX
2x6x,Q9AYY6,6-mer
2xb7,Q9UM73,GUI
2yfx,Q9UM73,VGH
4cd0,Q9UM73,AWJ
4clj,Q9UM73,5P8
4cmo,Q9UM73,YPW
5aa9,Q9UM73,5P8
5fto,Q9UM73,YMX
5kz0,Q9UM73,6YL
2xb8,P9WPX7,XNW
3n76,P9WPX7,CA2
3n7a,P9WPX7,FA1
3n86,P9WPX7,RJP
3n8k,P9WPX7,D1X
4b6o,P9WPX7,3DQ
4b6p,P9WPX7,2HN
4ciw,P9WPX7,XH2
4kiu,P9WPX7,KIU
2xbp,P0A3F4,ATP
2xd9,Q48255,XD9
2xda,Q48255,JPS
4b6r,Q48255,3DQ
4b6s,Q48255,2HN
2xde,P12497,1B0
3zso,P12497,O2N
3zsq,P12497,O4N
3zsx,P12497,N44
3zsy,P12497,OM3
3zt2,P12497,ZT2
3zt3,P12497,ZT4
4ahr,P12497,I2E
4ahs,P12497,AKH
4ahu,P12497,ICO
4ceb,P12497,ZSV
4cgi,P12497,NZL
4cig,P12497,X0P
4cj4,P12497,S3G
4cjp,P12497,4D2
4cjq,P12497,VXO
4cjr,P12497,FYM
4ck3,P12497,K1T
4qnb,P12497,1B0
2xef,Q04609,AR8
2xeg,Q04609,CI9
2xei,Q04609,ARK
2xej,Q04609,OKD
3iww,Q04609,YZE
3rbu,Q04609,G88
3sjf,Q04609,JRG
4ngm,Q04609,JB7
4ngn,Q04609,J96
4ngp,Q04609,J31
4oc0,Q04609,2R7
4oc1,Q04609,2QS
4oc2,Q04609,2QQ
4oc3,Q04609,2QP
4oc5,Q04609,2QM
2xg9,P16098,GLC-NOJ
2xn3,P05543,ID8
2xn5,P05543,FUN
2xp7,Q13526,4F8
3ikd,Q13526,J9Z
3ikg,Q13526,J8Z
2xxr,P42260,GLU
2xxt,P42260,KAI
2xxx,P42260,GLU
2y7i,Q8ZKA9,ARG
2y8c,Q8II92,DUQ
3t60,Q8II92,DUA
3t64,Q8II92,DU3
3t70,Q8II92,DU4
2ya6,P62575,DAN
2ya7,P62575,ZMR
2ya8,P62575,G39
2yay,O15826,DUP
2yaz,O15826,UMP
2yb0,O15826,DUR
2ydt,B8ZY56,EDG-AHR
2ydw,P25440,WSH
2yek,P25440,EAM
4mr6,P25440,1K0
4qev,P25440,31O
4qew,P25440,31P
4uyf,P25440,73B
6k04,P25440,CQF
2yel,O60885,WSH
3p5o,O60885,EAM
3u5j,O60885,08H
3u5l,O60885,08K
3zyu,O60885,1GH
4cfl,O60885,8DQ
4lyw,O60885,21Q
4lzr,O60885,LOC
4lzs,O60885,L46
4mr3,O60885,1K0
4nuc,O60885,435
4nue,O60885,NUE
4ogj,O60885,2TA
4qb3,O60885,30M
4wiv,O60885,3P2
4xya,O60885,43S
4z93,O60885,4LD
5acy,O60885,9S3
5cp5,O60885,EB0
5cqt,O60885,EB3
5cy9,O60885,E0A
5d0c,O60885,E0B
5d24,O60885,L26
5d25,O60885,56M
5d26,O60885,L28
5d3h,O60885,57G
5d3j,O60885,L33
5d3l,O60885,57F
5d3n,O60885,L40
5d3p,O60885,57E
5d3t,O60885,56Y
5dlx,O60885,5D2
5dw2,O60885,5GD
5dx4,O60885,E0C
5egu,O60885,5NQ
5eis,O60885,5OU
5f5z,O60885,5VY
5f60,O60885,5VZ
5f61,O60885,5W0
5f62,O60885,5W1
5f63,O60885,5W2
5i80,O60885,67B
5i88,O60885,69G
5khm,O60885,XNH
5u28,O60885,82V
5ueu,O60885,0S6
5uez,O60885,89G
5uf0,O60885,89J
5ula,O60885,5MJ
5uoo,O60885,8FV
5y8y,O60885,8PX
5y94,O60885,8QC
6c7q,O60885,EO1
6ckr,O60885,F5V
6cks,O60885,F5Y
6e4a,O60885,HRY
6fo5,O60885,DZH
6q3z,O60885,HG8
6q3y,O60885,HG5
6mh7,O60885,JQY
6mh1,O60885,JQP
6fsy,O60885,E5Q
6dl2,O60885,GUJ
6ajz,O60885,LOC
6ajy,O60885,A0R
5yqx,O60885,E0K
5wmg,O60885,6JF
5wa5,O60885,4K4
6ajv,O60885,HCC
2yfa,Q88E10,LMR
2yhw,Q9Y223,BM3
2ylc,P0A1R0,U
2ypo,O53512,PHE
3pfp,O53512,035-036
5e2l,O53512,DPN
2yxj,Q07817,N3C
3qkd,Q07817,HI0
3spf,Q07817,B50
3zk6,Q07817,H1I
3zln,Q07817,H0Y
3zlr,Q07817,X0B
4c52,Q07817,X0D
4c5d,Q07817,X0R
2yz3,Q7BJM5,M5P
2z94,P0C6X7,TLD
2za0,Q9CPU0,MGI
4kyh,Q9CPU0,ZST
4kyk,Q9CPU0,IMN
4pv5,Q9CPU0,CBW
2zcq,A9JQL9,B65
2zcr,A9JQL9,B69
2zcs,A9JQL9,B70
2zy1,A9JQL9,830
3acw,A9JQL9,651
3acx,A9JQL9,673
3tfn,A9JQL9,2CJ
3tfp,A9JQL9,03L
3vje,A9JQL9,ZGA
4e9u,A9JQL9,RWY
4ea2,A9JQL9,RWZ
2zjw,P68400,REF
3bqc,P68400,EMO
3h30,P68400,RFZ
3owj,P68400,1EL
3pe1,P68400,3NG
3pe2,P68400,E1B
5cqu,P68400,JRJ
5cs6,P68400,K82
5csp,P68400,54G
5cu4,P68400,54S
5h8e,P68400,5Y3
5h8g,P68400,5Y4
5mo8,P68400,C98
5mod,P68400,86L
5oqu,P68400,A4B
5orh,P68400,A4N
5orj,P68400,A4Q
5ork,P68400,A4T
5os7,P68400,A8Q
5os8,P68400,J27
5osl,P68400,A9K
5otr,P68400,AU8
5otz,P68400,AUT
5owl,P68400,B0K
6hoq,P68400,FER
2zkj,Q16654,ADP
2zwz,Q9WYE2,ZWZ
2zx6,Q9WYE2,ZX6
2zx7,Q9WYE2,ZX7
2zx8,Q9WYE2,ZX8
2zxd,Q9WYE2,ZXD
2zxg,P04825,S23
2zym,Q9AJF5,ACX
3a1c,O29777,ACP
3a1d,O29777,ADP
3a1e,O29777,ACP
3a5y,P0A8N7,KAA
3a6t,P08337,8OG
3a9i,O87198,LYS
3aaq,Q5ZUA2,ARU
3acl,O00625,3F1
6n0j,O00625,K8S
6n0k,O00625,K8M
3ag9,P00517,A02
3bwj,P00517,ARX
3agl,P17612,A03
5izf,P17612,6-mer
5izj,P17612,4-mer
3ahn,Q4W803,3A1
3aho,Q4W803,3A2
3ai8,P07858,HNQ
3alt,Q7M4F9,MLB
3ao4,Q72498,833
3ao5,Q72498,BBY
3ovn,Q72498,MPV
5wlo,Q72498,GR7
6b4n,Q72498,G53
3ap4,O00214,LBT
5t7s,O00214,LBT
3aqt,Q8NR95,RCO
3arp,Q9AMP1,DEQ
3arq,Q9AMP1,DM5
3arw,Q9AMP1,CTI
3arx,Q9AMP1,POY
3axz,P43912,ADN
3b2q,Q60187,ATP
3b4p,Q396C9,3B4
3juo,Q396C9,AJD
3jup,Q396C9,AKD
3b7j,Q5G940,JUG
3cf8,Q5G940,QUE
3ed0,Q5G940,EMO
3bbb,P22392,2-mer
3bbf,P22392,GDP
3bex,Q9WZY5,PAU
3bpc,P01837,2-mer
3brn,Q09JR9,SRO
3bu1,Q09JX9,HSM
3bxe,O32253,13P
3bxf,O32253,FBP
3bxg,O32253,BG6
3bxh,O32253,F6P
3c2f,P43619,PRP
3c2o,P43619,NTM
3c2r,P43619,PHT
3c2u,O52575,B3P
3c39,P00558,3PG
3c4h,Q9Y6F1,DRL
3fhb,Q9Y6F1,GAB
3c52,P56109,PGH
3c56,P56109,PH4
3c88,P0DPI1,5-mer
3c89,P0DPI1,5-mer
3c8a,P0DPI1,5-mer
3c8b,P0DPI1,5-mer
3qw5,P0DPI1,5-mer
3cct,P04035,3HI
3ccw,P04035,4HI
3ccz,P04035,5HI
3cd0,P04035,6HI
3cd5,P04035,7HI
3cd7,P04035,882
3cda,P04035,8HI
3cdb,P04035,9HI
3ckb,Q8A1G2,MLR
3cke,Q9UR08,FDF
3ckz,Q6DPL2,ZMR
3cl0,Q6DPL2,G39
3cow,P9WIL5,52H
3coy,P9WIL5,53H
3coz,P9WIL5,54H
3imc,P9WIL5,BZ3
3ime,P9WIL5,BZ2
3iob,P9WIL5,A4D
3ioc,P9WIL5,A5D
3iod,P9WIL5,A6D
3ioe,P9WIL5,A7D
3isj,P9WIL5,A8D
3iub,P9WIL5,FG2
3iue,P9WIL5,FG3
3ivc,P9WIL5,FG4
3ivg,P9WIL5,FG5
3ivx,P9WIL5,FG6
4ddh,P9WIL5,MS0
4ddk,P9WIL5,0HN
4ddm,P9WIL5,0HO
4de5,P9WIL5,0JD
4ef6,P9WIL5,I2E
4efk,P9WIL5,0OC
4fzj,P9WIL5,0W1
4g5f,P9WIL5,0JD
3ctt,O43451,3CU
3l4u,O43451,DSK
3l4v,O43451,KTL
3l4w,O43451,MIG
3l4x,O43451,NR3
3l4y,O43451,NR4
3l4z,O43451,SSD
3cyz,Q9U9J6,9OD
3cz1,Q9U9J6,NBB
3d78,Q9U9J6,NBB
3czv,Q8N1Q1,AZM
4hu1,Q8N1Q1,V13
4knm,Q8N1Q1,E1E
4knn,Q8N1Q1,E1F
4qjx,Q8N1Q1,WWO
6g5u,Q8N1Q1,ENN
3d0e,P31751,G93
3djo,P00669,U2P
3djp,P00669,UA3
3djq,P00669,UDP
3djv,P00669,C3P
3djx,P00669,C5P
3dln,P19492,GLU
3dp4,P19492,AMQ
3rt8,P19492,CWD
4f39,P19492,KAI
3dp9,Q9KPI8,BIG
3drf,A2RJ53,8-mer
3drg,A2RJ53,9-mer
3dri,A2RJ53,6-mer
3dsz,P80188,LIZ
3tf6,P80188,DBH
3dzt,P18153,EAH
3e3c,Q7DB61,HHG
3e5u,B8FW11,3C4
3ebh,O96935,BES
3ebi,O96935,BEY
3q44,O96935,D50
3t8v,O96935,BTJ
4k5p,O96935,1OS
4r5t,O96935,R5T
4zw5,O96935,4SA
4zw6,O96935,4SY
4zw7,O96935,4SZ
4zw8,O96935,4T2
4zx3,O96935,4TK
4zx4,O96935,4TL
6eed,O96935,J6A
3ebl,Q6L545,GA4
3ebo,P00489,57D
3ebp,P00489,CPB
3eeb,Q9KS12,IHP
3fzy,Q9KS12,IHP
3eqr,Q07912,T74
3evd,P03314,GTP
3ewc,A5KE01,MCF
3f33,P02791,PFL
3f34,P02791,DIE
3f37,P02791,2MY
3u90,P02791,SDS
3f3c,O67854,PFF
3f3d,O67854,MET
3f3e,O67854,LEU
3f48,O67854,ALA
4mme,O67854,29Q
3f5j,Q75I93,CTT
3f5k,Q75I93,CE5
3f5l,Q75I93,LB2
4qlk,Q75I93,CTT
4qll,Q75I93,CTT
3f6e,P20906,8PA
3fzn,P20906,D7K
3f6g,Q8F3Q1,ILE
3f70,Q969R5,MLZ
3f80,P05089,6HN
3kv2,P05089,NNH
3lp4,P05089,LYS
3lp7,P05089,HAR
3mfv,P05089,Z70
3mfw,P05089,B3U
3mjl,P05089,2AI
3f8c,A2RI36,HT1
3f8f,A2RI36,DM1
4zzd,A2RI36,RBF
3fas,P19493,GLU
3fat,P19493,AMQ
3fed,Q9Y3Q0,BIX
3fee,Q9Y3Q0,QUS
3ff3,Q9Y3Q0,GLU
3fj7,Q0PBL7,PEQ
3fjg,Q0PBL7,3PG
3fqe,P43405,P5C
4fl1,P43405,ANP
4fl2,P43405,ANP
3fql,Q9WMX2,79Z
3fuz,P39086,GLU
3fv1,P39086,DYH
3fv2,P39086,NDZ
3fvk,P39086,8DX
3fvn,P39086,9DX
3fv3,P32951,6-mer
3fvh,P53350,7-mer
4e67,P53350,8-mer
4o6w,P53350,7-mer
4o9w,P53350,6-mer
3g0e,P10721,B49
3g0i,Q9UR30,VPR
3g19,Q9A5I0,3-mer
3g2y,Q9L5C8,GF4
3g2z,Q9L5C8,GZ2
3g30,Q9L5C8,G30
3g31,Q9L5C8,GF1
3g32,Q9L5C8,3G3
3g34,Q9L5C8,1CE
3g35,Q9L5C8,F13
4de0,Q9L5C8,0JB
4de1,Q9L5C8,0J6
4de2,Q9L5C8,DN3
3g3r,P47075,ANP
3g5k,Q9HBH1,BB2
3ga5,P23905,RGG
3gbe,D0VX20,NOJ
3gdt,P03962,UP6
3gk1,P02638,32A
5dkn,P02638,B7I
5er4,P02638,5RL
3gnw,O92972,XNC
3hky,O92972,IX6
3gvu,P42684,STI
3gx0,P77526,GDS
3h78,P20582,BE2
3h89,P07711,NSX
3h8b,P07711,NSY
3hcm,P04271,S45
3hf8,P17752,ML0
3hfb,P17752,ML4
3hig,P19801,BRN
3hit,Q2QEH4,DYN
3hkw,P26664,IX6
3su4,P26664,SU3
3hl8,P04995,BBP
3hp9,P04995,CF1
3hmo,P33981,STU
3hmp,P33981,CX4
5mrb,P33981,C5N
5n84,P33981,8Q5
5n93,P33981,8QE
3hu3,P55072,AGS
4ko8,P55072,AGS
3hv8,Q9HUK6,C2E
3hvi,P22734,619
3hvj,P22734,705
3oe4,P22734,610
3oe5,P22734,611
3ozr,P22734,OZR
3ozs,P22734,OZS
3ozt,P22734,OZZ
3u81,P22734,SAH
5k03,P22734,6P4
3hww,P17109,AKG
3i4y,P95607,35C
3i51,P95607,45C
3i73,O57728,ADP
3iae,Q9F4L3,D7K
3ies,P08659,M24
3ifl,P05067,7-mer
3ip5,Q7CX36,ALA
3ip6,Q7CX36,PRO
3ip9,Q7CX36,ABU
3ip8,Q05115,B85
3iss,P0A749,EPU
3jdw,P50440,ORN
3jrs,Q8VZS8,A8S
3jrx,O00763,S1A
3juk,O25363,UPG
3jyr,P19576,ACR
3jzh,O75530,5-mer
5k0m,O75530,6PU
5ttw,O75530,5-mer
3jzj,B0B0V1,ACR
3k00,B0B0V1,MTT
3k02,B0B0V1,TXT
3k1j,B6YU74,ADP
3k37,Q3S340,BCZ
3k4d,P05804,EVA
3k4q,P34752,IHS
3k5v,P00520,STJ
3ms9,P00520,MS9
3mss,P00520,MS7
6hd6,P00520,FYH
3k5x,Q93J45,P8D
3k8c,Q4CQE2,RES
3kiv,P08519,ACA
3kjd,Q9UGN5,78P
4zzx,Q9UGN5,FSU
4zzy,Q9UGN5,D7N
3kku,P25779,B95
3kr4,Q8IL11,BES
4k3n,Q8IL11,1OT
4r76,Q8IL11,R5X
3kr8,Q9H2K2,XAV
4iue,Q9H2K2,AJ4
4j21,Q9H2K2,AJ6
4j22,Q9H2K2,AJ7
4j3l,Q9H2K2,AJ5
4kzq,Q9H2K2,DFL
4kzu,Q9H2K2,A73
3kyq,Q5EGY4,DPV
3ldp,P11021,3P1
5evz,P11021,ADP
5exw,P11021,7DT
5ey4,P11021,DTP
5f1x,P11021,ATP
5f2r,P11021,ACP
3lmk,P41594,GLU
3lpl,P0AFG9,TDP
3lq2,P0AFG9,TDP
3lpp,P14410,KTL
3lvw,P32477,GSH
3lxk,P52333,MI1
5lwm,P52333,79T
6gl9,P52333,F3W
6gla,P52333,F4B
6glb,P52333,F48
3lzs,P24740,017
3lzu,P24740,017
3lzz,Q6WRH7,GDP
3m3c,Q6WY08,3-mer
3m6r,Q9FUZ2,BB2
3pn4,Q9FUZ2,BB2
3m8u,B8F653,GDS
3mdz,P43166,EZL
3ml5,P43166,AZM
6h36,P43166,FKE
6h37,P43166,FKQ
6h38,P43166,FKK
3mi2,P11172,PFU
3mi3,Q9Y823,LYS
3miy,Q08881,B49
3qgw,Q08881,L7A
3qgy,Q08881,L7O
4m0y,Q08881,M0Y
4m12,Q08881,1YZ
4m13,Q08881,1
4m14,Q08881,QWS
4qd6,Q08881,30T
4rfm,Q08881,3P6
3mz6,Q9BY41,B3N
5vi6,Q9BY41,4-mer
3n1c,P06999,F6P
3n9r,D0IR47,TD3
3n9s,D0IR47,TD4
3ng4,Q9GK12,2-mer
3nw3,Q9GK12,MU2
3o4k,Q9GK12,LTC
3uil,Q9GK12,DAO
3umq,Q9GK12,BUA
3usx,Q9GK12,MYR
4fnn,Q9GK12,STE
3nhi,Q95NY5,EAH
3nht,Q95NY5,U46
3nik,P19812,4-mer
3nim,P19812,4-mer
3npc,P45984,B96
3nsn,Q06GJ0,TMX-CTO
3ozp,Q06GJ0,OAN
3s6t,Q06GJ0,OAN
3vtr,Q06GJ0,TCG
3wmc,Q06GJ0,NF6
3nyd,P23360,3NY
4bs0,P23360,6NT
3nyx,P29597,TZ1
4gfo,P29597,0X2
4gih,P29597,0X5
4gii,P29597,0X6
4gj2,P29597,0XH
4gj3,P29597,0XP
4wov,P29597,3SM
5wal,P29597,9ZS
3nzk,A1JJJ9,C90
3o5n,Q4ACU6,BR0
3o5x,Q06124,JZG
5ehr,Q06124,5OD
3o75,Q88PQ6,F1X
3o7u,P25524,O7U
3o99,Q90K99,K13
3o9a,Q90K99,K14
3o9d,Q90K99,K19
3o9e,Q90K99,A60
4djo,Q90K99,MK5
4djp,Q90K99,M73
4djq,Q90K99,M86
4djr,Q90K99,0KJ
3o9p,P77348,MHI
3ocp,Q13976,CMP
4z07,Q13976,PCG
3ocz,P26093,SRA
3ouj,Q9GZT9,AKG
3oy8,P09382,2-mer
3oyw,P09382,TDG
3ozg,P20035,SSI
3p2e,A8C927,SAH
3p7i,Q1R3F7,P7I
3p8n,P26662,L4T
3p8o,P26662,L5T
3p8p,O94760,LN6
6szp,O94760,M3B
3p8z,P27915,36A
3pb7,Q9NXS2,PBD
3pb8,Q9NXS2,AHN
3pb9,Q9NXS2,1BN
3pgl,Q9GZU7,RZX
3pgu,P10384,OLA
3pju,Q3KK31,C2E
3pn1,P43813,IVH
3ppm,P97612,JG1
3ppp,O32243,BET
3ppq,O32243,CHT
3ppr,O32243,4CS
3q1x,Q9U8X2,SER
3q2j,P0A3Y5,CKI
3q6z,Q460N5,APR
3q71,Q460N5,AR6
4f1l,Q460N5,0RY
5o2d,Q460N5,9HH
3q7q,P55042,GNP
3qbc,A0A0H3JXR3,B55
3qfy,O66264,IFM-SO4
3qfz,O66264,NOJ-SO4
3qox,Q8TEK3,SAH
3sr4,Q8TEK3,TT8
4ek9,Q8TEK3,EP4
3qps,Q7B8P6,CHD
3qqa,Q7B8P6,TCH
3qqs,P9WFX5,17C
3r88,P9WFX5,14F
3twp,P9WFX5,SAL
3uu1,P9WFX5,14B
4gkm,P9WFX5,683
4ij1,P9WFX5,17C
4m0r,P9WFX5,644
4n8q,P9WFX5,FA0
4owm,P9WFX5,3F0
4owv,P9WFX5,BE2
3qt6,Q9FD73,2P0
3qx9,Q9UKV8,ATP
3r1v,Q7PXT9,AZB
3r5t,Q9RCF6,VBN
3r6u,Q45462,CHT
3re4,O28471,TO1
3rf4,A4GRE3,FUN
3rf5,A4GRE3,FUZ
3rm4,Q9BZP6,3RM
3rm9,Q9BZP6,613
3rv8,P9WFX1,RVC/VCE
3veh,P9WFX1,0GA
3rwp,O15530,ABQ
4rqk,O15530,R1S
4rqv,O15530,R2S
5lvl,O15530,537
3s0b,Q1W640,FNA
3s0d,Q1W640,CTV
3s0e,Q1W640,EOL
3s45,Q9W9R3,478
3s54,Q7SSI0,017
4kb9,Q7SSI0,G79
6otg,Q7SSI0,4UY
3s5y,P06280,DGJ
6ibk,P06280,YTW
3s9e,P42264,GLU
3u92,P42264,KAI
3u93,P42264,GLU
4g8n,P42264,G8M
4nwc,P42264,2QE
5o4f,P42264,8VE
6f28,P42264,CG8
3sfg,Q80J95,2TU
3sk2,Q8GPH6,GRI
3slz,Q9E7M1,3TL
3sm2,Q9E7M1,478
3str,Q939R9,3LI
3sw8,Q939R9,5LI
3su0,A8DG50,TSV
3su1,A8DG50,TSV
3su2,A8DG50,TSV
3su3,A8DG50,SU3
3su5,A8DG50,SU3
3su6,A8DG50,SU3
3sue,A8DG50,SUE
3suf,A8DG50,SUE
3sug,A8DG50,SUE
3sur,D2KW09,NGT
3sus,D2KW09,GNL
3sut,D2KW09,OAN
3suu,D2KW09,OGN
3suv,D2KW09,NOK
3suw,D2KW09,GC2
3sxf,Q9BJF5,BK5
3t3u,Q9BJF5,BK6
3v51,Q9BJF5,I76
3v5p,Q9BJF5,C88
3v5t,Q9BJF5,UW9
3t01,Q92UV8,PPF
3t2w,Q12QS6,BTN
3t6b,Q9NY33,5-mer
3ta0,O28524,ATP
3ta1,O28524,ADP
3tao,P9WG43,PGH
3tay,P0C6Y8,MN0
3tb6,P96711,ARB
3tcg,P23843,3-mer
3td4,Q6RYW5,API
3tfu,P9WQ81,PL8
3th9,P0C6F2,9Y9
3vfa,P0C6F2,031
4i8w,P0C6F2,G07
4i8z,P0C6F2,G08
4mc1,P0C6F2,526
4mc2,P0C6F2,525
4mc6,P0C6F2,23K
4mc9,P0C6F2,23L
4nyf,P0C6F2,4BI
4qgi,P0C6F2,ROC
3tif,Q58206,ADP
3tk2,P30967,PHE
4jpx,P30967,PHE
4jpy,P30967,PHE
3tmk,P00572,T5A
3ttm,Q9I6J1,PUT
3tz0,Q00972,03H
4dzy,Q00972,WJ1
4h7q,Q00972,COI
4h81,Q00972,WJ2
4h85,Q00972,HRI
3tzm,P36897,085
3u10,Q9UL51,CMP
3ubd,P18654,SL0
4gue,P18654,QCT
3ucj,Q96554,AZM
3udd,O95271,34M
3ui7,Q9Y233,C1L
3uuo,Q9Y233,0CV
4dff,Q9Y233,0JP
4hf4,Q9Y233,15H
4lkq,Q9Y233,1XM
4llj,Q9Y233,1XN
4llk,Q9Y233,MEW
4llp,Q9Y233,4ZE
4llx,Q9Y233,5ZE
4lm0,Q9Y233,5NI
4lm1,Q9Y233,7ZE
4lm2,Q9Y233,8ZE
4lm3,Q9Y233,9ZE
4lm4,Q9Y233,JPZ
4mrw,Q9Y233,MRW
4mrz,Q9Y233,2ZV
4msa,Q9Y233,2ZM
4msc,Q9Y233,2ZT
4msn,Q9Y233,2ZQ
4zo5,Q9Y233,4Q0
5c1w,Q9Y233,4XS
5c28,Q9Y233,4XV
5c2a,Q9Y233,4Y2
5c2h,Q9Y233,4XU
5dh4,Q9Y233,5AV
5dh5,Q9Y233,5AY
3uj9,Q6T755,PC
3ujc,Q6T755,PC
3ujd,Q6T755,PC
3upk,P33038,UD1
3v4t,P33038,UD1
3uug,P25548,BDP
3uxk,P11444,BHO
3uxl,P11444,CFI
4fp1,P11444,BFM
4m6u,P11444,TTN
3v2n,Q9R0G6,MYR
3v2p,Q9R0G6,STE
3v2q,Q9R0G6,PLM
3v3q,P22736,TMY
3v78,P95092,ET
3vjc,P37268,ZGA
3vvy,A0A0F6AY66,ET
3vw1,A0A0F6AY66,CVI
3vw2,A0A0F6AY66,BER
3vx3,Q5JIH4,ADP
3w37,L0N7E5,ACR
3w5n,Q82PP4,RAM
3w9k,Q973T5,MYR
3w9r,Q84MC7,A8S
3wgg,D5KM69,8NA
3wvm,P05413,STE
4tjz,P05413,DKA
4tkb,P05413,DAO
4tkh,P05413,MYR
4tkj,P05413,PLM
5hz9,P05413,5M8
3zhx,P9WNS1,FM6
3zi0,P9WNS1,FM8
3zi8,D8NA05,FU4
3zj6,Q9SPP9,VM2
3zll,Q9HU22,4WF
4arw,Q9HU22,HNR
4asj,Q9HU22,N6A
3zm9,P35790,QMQ
4br3,P35790,U85
4cg8,P35790,G8S
4cg9,P35790,GQG
4cga,P35790,QLW
4da5,P35790,0H7
5afv,P35790,JH5
5eqe,P35790,5R8
5eqp,P35790,5R9
5eqy,P35790,5RA
5ftg,P35790,NBR
5fut,P35790,PQ7
3znr,Q8WUI4,NU9
3zns,Q8WUI4,NU7
3zq9,Q1A2D0,NOY-BGC
4a6l,Q15661,P43
4a95,A5K1A2,9MT
5g1z,A5K1A2,U53
4aci,Q8NQ97,CIT
4ad2,D6D1V7,GLC-IFM
4ad3,D6D1V7,GLC-DMJ
4v27,D6D1V7,2-mer
5lyr,D6D1V7,2-mer
5m17,D6D1V7,2-mer
5m5d,D6D1V7,2-mer
6hmg,D6D1V7,2-mer
4ad6,A0A0H3JKY1,GSY
4afg,I6L8L2,QMR
4b5d,I6L8L2,SW4
4aj4,P04642,VAB
4aje,P04642,2B4
4aji,P04642,88R
4ajl,P04642,88W
4aq4,P0AG80,G3P
4aq6,Q88E47,OMD
4aqh,P05121,TB7
4axd,Q93YN9,ANP
4ayp,B0SWV2,SMD
4ayq,B0SWV2,MVL
5meh,B0SWV2,DMJ
5ne5,B0SWV2,KIF
4az5,P49610,NGW
4az6,P49610,OAN
4azb,P49610,OAN
4azc,P49610,NGW
4azg,P49610,OAN
4azi,P49610,OAN
4b0b,O33877,54F
4cl6,O33877,7SB
4b1j,Q86W56,A1R
4b2i,O74036,LZ1
4b2l,O74036,TR7
4b32,O74036,03V
4b33,O74036,1NP
4b34,O74036,ABV
4b35,O74036,4ME
4b3b,O74036,6-mer
4b3c,O74036,5H1
4b3d,O74036,5MI
5fot,O74036,6-mer
5fou,O74036,6-mer
5fov,O74036,6-mer
5fox,O74036,6-mer
5fpk,O74036,6-mer
4b5s,B1IS70,PYR
4b5t,B1IS70,2KT
4b5w,B1IS70,PYR
4b7j,F8UU09,G39
4b7r,C7FH46,G39
4b8y,Q2FVW9,6-mer
4b9z,B3PEE6,ACR
4bb9,Q14397,F1P
4ly9,Q14397,1YY
4bc5,O75191,5FX
4bcs,P56734,BTN
4bi6,P36186,PGA
4bi7,P36186,PGA
4bj8,E7F650,BTN
4bny,O54438,36I
4bps,Q9KID9,3EB
4bqh,Q386Q8,9VU
4bqs,P9WPY3,K2Q
4bt3,P23616,WTZ
4bt4,P23616,QFH
4bt5,P23616,23B
4btk,Q5TCY1,DTQ
4bup,Q3U8K7,SAM
4buq,A2IC68,KGM
4c1y,Q4WW81,MFB
4c9x,P36639,VHS
5ant,P36639,RJE
5anu,P36639,58T
5anv,P36639,RGJ
5fsn,P36639,6Q3
5fso,P36639,S76
6f20,P36639,C9E
6eq7,P36639,BS8
6eq5,P36639,AX7
6eq3,P36639,BU5
6eq2,P36639,BU8
4cc5,Q9AIU7,L5V
4cd4,B3PGI1,2-mer
4cd5,B3PGI1,2-mer
4cpy,U5XBU0,G39
4cpz,U5XBU0,ZMR
4cr5,P03951,0TU
4cr9,P03951,OTW
4cra,P03951,XJ8
4crb,P03951,7P0
4crc,P03951,OTM
4crf,P03951,R9B
4ty6,P03951,39D
4ty7,P03951,39F
4x6m,P03951,3Y3
4x6n,P03951,3Y5
4x6o,P03951,3Y4
4y8x,P03951,4GR
5e2o,P03951,5JM
5e2p,P03951,7P0
5exl,P03951,5SS
5exm,P03951,5ST
5exn,P03951,5SU
6c0s,P03951,EEJ
5qtt,P03951,QEY
5qqp,P03951,NR7
4cs9,Q8QN58,AMP
4cu7,A0A0H2UP19,GIF
4cu8,A0A0H2UP19,DGJ
4czs,P81461,5-mer
4d1j,B3PBE0,DGJ
4d3h,Q2G229,2BA
4d4d,Q9Z4P9,MAN-IFM
5m77,Q9Z4P9,2-mer
5n0f,Q9Z4P9,7K2
4d8z,Q81VW8,0J2
4daf,Q81VW8,0J4
4db7,Q81VW8,Z25
4nl1,Q81VW8,Z13
4dcs,P50743,GDP
4del,P9WQA3,PGH
4dhl,P80366,0K7
4dsy,P80366,0LO
6of5,P80366,MFJ
4dko,Q0ED31,0LM
4dkp,Q0ED31,0LL
4dkq,Q0ED31,0LK
4dkr,Q0ED31,0LJ
4i54,Q0ED31,1C1
4dmw,P16154,UDP
4do4,P17050,DJN
4do5,P17050,DGJ
4dst,P01112,9LI
4dsu,P01112,BZI
4e1k,P43889,0N5
4e4l,P23458,0NH
4e4n,P23458,0NL
4e5w,P23458,0NT
4ehz,P23458,JAK
4ei4,P23458,0Q2
4fk6,P23458,0UJ
4i5c,P23458,C5I
4ivb,P23458,1J5
4ivc,P23458,1J6
4ivd,P23458,15T
4k77,P23458,1Q4
6n7d,P23458,KF4
6n7b,P23458,KEY
6n7a,P23458,KEV
6n79,P23458,KES
6n78,P23458,KEP
4e6d,O60674,0NU
4e6q,O60674,0NV
4f09,O60674,JAK
4gfm,O60674,0X2
4hge,O60674,15V
4iva,O60674,1J5
4jia,O60674,1K3
4ytc,O60674,4HW
4yth,O60674,467
5l3a,O60674,6DP
5ut6,O60674,8MY
5win,O60674,SKE
5wij,O60674,AQG
4e70,A6XNE6,N7I
4elf,Q81R22,35I
4elg,Q81R22,52I/52J
4elh,Q81R22,53I/53J
4emf,D9J2T9,M7G
4emr,D9J2T9,MGP
4zt8,D9J2T9,CYT
5cso,D9J2T9,CTN
5cst,D9J2T9,CDP
4en4,O00764,GT0
4eoh,O00764,TEP
4epy,P01116,0QY
6fa4,P01116,D1W
6quv,P01116,JJN
6gj8,P01116,F0K
6gj6,P01116,EZZ
4erf,Q00987,0R3
4hbm,Q00987,0Y7
4mdn,Q00987,Y30
4wt2,Q00987,3UD
4zgk,Q00987,4NX
4zyf,Q00987,4T4
4etz,Q9HZE7,C2E
4eu0,Q9HZE7,C2E
4euo,A9CGA5,ABU
4ewn,Q9X0C6,0VR
4exs,C7C422,X8Z
6mdu,C7C422,N1G
6efj,C7C422,O5E
6d1k,C7C422,M3Q
6d1i,C7C422,T6Z
6d1j,C7C422,7SX
6d1h,C7C422,KED
6d1g,C7C422,YKG
6d1d,C7C422,GTV
6d1b,C7C422,FUJ
6d1a,C7C422,TWB
4ezx,P0A6Y8,7-mer
4ezz,P0A6Y8,7-mer
4jne,P0A6Y8,ATP
4f0c,I7B368,GDS
4f5y,Q86WV6,C2E
4ksy,Q86WV6,1SY
4loh,Q86WV6,1SY
4loi,Q86WV6,1YC
4qxo,Q86WV6,1YE
4f9u,Q9VRQ9,PBD
4fai,Q86PD7,PBD
4fev,B0VD92,PP1
4few,B0VD92,PP2
4gkh,B0VD92,0J9
4gki,B0VD92,0JN
4ffs,Q9ZMY2,BIG
4wkn,Q9ZMY2,TDI
4wko,Q9ZMY2,HCE
4wkp,Q9ZMY2,3QA
4ynb,Q9ZMY2,4EH
4yo8,Q9ZMY2,4EZ
6dyy,Q9ZMY2,OS6
6dyw,Q9ZMY2,OS5
6dyv,Q9ZMY2,OS3
6dyu,Q9ZMY2,OS2
4fht,Q9XAM6,DHB
4flp,Q58F21,JQ1
4kcx,Q58F21,1QK
4fxp,Q43295,ADX
4fxq,Q4MV79,G9L
4fz3,Q9NTG7,6-mer
4g0p,O04379,U5P
4g0q,O04379,C5P
4g0y,O04379,AMP
4g0z,O04379,5GP
4g4p,Q837S0,GLN
4gah,Q5T1C6,0ET
4gbd,Q9HZ64,MCF
4ge1,Q86PT9,TSS
4ggz,Q89U61,BTN
4gq4,O00255,0RT
4og3,O00255,2S6
4og4,O00255,2VK
4x5y,O00255,3XW
4x5z,O00255,3XY
4gu6,Q05397,10N
4gu9,Q05397,4GU
4k9y,Q05397,K9Y
4kao,Q05397,KAO
4gzp,K7N5N3,G39
4gzt,K7N5N3,G39
4gzw,K7N5N3,3-mer
4gzx,K7N5N3,2-mer
4hp0,P00698,4-mer
4hpi,P00698,3-mer
4tun,P00698,MVH
4ht2,O43570,V50
4kp5,O43570,E1F
4kp8,O43570,E1G
4qj0,O43570,WWX
4qjw,O43570,WWO
5llo,O43570,5EF
5llp,O43570,6Z9
5msb,O43570,V13
6g7a,O43570,EOQ
6g5l,O43570,EM5
4hw3,Q07820,19G
4zbf,Q07820,4M7
4zbi,Q07820,4M6
5vkc,Q07820,9EA
6b4l,Q07820,CJY
6b4u,Q07820,CN7
6fs0,Q07820,E4W
6fs1,Q07820,E4Q
6qz5,Q07820,JLE
6oqd,Q07820,N0M
6oqc,Q07820,N0S
6oqb,Q07820,N0J
6ne5,Q07820,KJP
6ud2,Q07820,Q4D
6udi,Q07820,Q4S
6udt,Q07820,Q4V
6udu,Q07820,Q4Y
6udv,Q07820,Q51
4hwo,P0A8M3,409
4hwp,P0A8M3,X16
4hws,P0A8M3,1B3
4hy1,A0A0J9WZF0,19X
4hym,A0A0J9WZF0,CJC
4hzm,Q8ZQ06,1BW
4i71,Q57ZL6,AGV
4i72,Q57ZL6,UA2
4i74,Q57ZL6,MBY
4i8x,P13491,6P3
4i9h,P13491,10000
4i9u,P13491,10000000
4ibb,Q05127,1DK
4ibc,Q05127,12G
4ibd,Q05127,1DL
4ibe,Q05127,11Y
4ibf,Q05127,1D5
4ibg,Q05127,1D6
4ibi,Q05127,1D8
4ibj,Q05127,1D9
4ibk,Q05127,1DE
4idn,Q8WXF7,GNP
4ido,Q8WXF7,GDP
4ih3,Q8TDX5,PDC
4iic,P48825,IFM
4iid,P48825,NOJ
4iie,P48825,CGB
4iif,P48825,CTS
4in9,D0EM77,4-mer
4io2,E9P5T5,GLU
4io3,E9P5T5,ASP
4io4,E9P5T5,SER
4io5,E9P5T5,ALA
4io6,E9P5T5,MET
4io7,E9P5T5,PHE
4ipi,Q57265,LMR
4ipj,Q57265,LMR
4ipn,A0A0H2UP35,1FT
4iuo,P58687,QIC
4j7d,P56273,I31
4j7e,P56273,I29
4j93,Q79791,1JR
4jal,P0AGJ7,SAH
4je7,Q9FV53,BB2
4je8,Q9FV53,3-mer
4jfk,Q13451,JFK
4jfm,Q13451,1KZ
4w9o,Q13451,3JQ
4w9p,Q13451,3JR
5dit,Q13451,5B8
4jkw,O00481,IPE
4k55,O00481,H6P
4n7u,O00481,2JA
4jwk,D0C9L6,CTN
4jx9,D0C9L6,URI
4jyb,C5AP93,GNP
4jyc,C5AP93,GDP
4jym,Q9SZU7,KKN
4k0o,Q47200,NAG-MBG
4k7i,P30044,CAQ
4k7n,P30044,MCT
4k7o,P30044,EKZ
4mmm,P30044,BP7
4keq,Q988B9,5PN
4kif,Q643C8,PPY
4km0,P9WNX1,CP6
4km2,P9WNX1,TOP
4kmz,P14207,FOL
4kn0,P14207,MTX
4kn1,P14207,04J
4kow,Q9HV14,CFX
4kqp,Q9CES5,GLN
4ks1,Q07599,2H8
4ks4,Q0A480,1SN
4kwf,P05091,3AK
4kwg,P05091,2AK
4kx8,Q07075,4-mer
4kxb,Q07075,BES
4kxn,O35820,6K6
4p5d,O35820,N6P
4l4z,P76141,D5X
4l50,P76141,D8X
4l51,P76141,HSX
4l9i,P28327,8PR
4lhm,P07650,AZZ
4lhv,P61006,GDP
4lj5,Q9RA63,ADP
4lj8,Q9RA63,ADP
4lps,O25560,GDP
4lrr,P0A886,CF9
4luz,P27694,1XT
4o0a,P27694,2P9
4r4c,P27694,3HS
4r4i,P27694,3HV
4r4o,P27694,3HW
4r4t,P27694,3J0
5e7n,P27694,5KR
4lvt,P10415,1XJ
4lxd,P10415,1XV
6gl8,P10415,F3Q
4lxz,Q92769,SHH
4ly1,Q92769,20Y
5iwg,Q92769,IWX
5ix0,Q92769,6EZ
4m0e,P22303,1YL
4m0f,P22303,1YK
4m3p,Q93088,HCS
6rtw,Q13635,Y01
4mhy,B7QK46,PBD
4mhz,B7QK46,PBD
4mjp,P0A988,27O
4n9a,P0A988,2J2
4mn3,O95931,7-mer
4mnp,Q8RDN9,SLB
4mo4,Q9I5Q5,ACP
4mpn,Q15119,PV0
5j6a,Q15119,P46
4mq6,P9WIL4,29W
4muf,P9WIL4,2DJ
4mul,P9WIL4,2DW
4mre,P15379,2C9
4mrg,P15379,24W
4np2,P15379,2L1
4np3,P15379,2L2
4mss,B4EA43,2CZ
4muv,Q98GN8,PCG
4myd,P37355,164
4n5d,P55212,2FQ
4n6g,P55212,2GQ
4n7m,P55212,2GQ
4nbk,P55212,2J5
4nbl,P55212,2J6
4nbn,P55212,2J7
4ncn,G0S8G9,GTP
4ndu,A7UNK4,AMG
4nja,P01660,2M9
4nkt,O13833,2KH
4nku,O13833,2-mer
4nnr,P26885,FK5
4non,Q5M586,GDP
4np9,P47709,I3P
4nra,Q9UIF8,2LW
4rvr,Q9UIF8,3WQ
5e73,Q9UIF8,UO1
5e74,Q9UIF8,5KH
5mge,Q9UIF8,7MX
5mgf,Q9UIF8,7MW
6fhq,Q9UIF8,DE5
4nvp,Q9Y3Q4,7CH
4nxu,Q9NQG6,ADP
4nxv,Q9NQG6,GDP
4o3f,P09411,TZN
4o61,Q6P6C2,CIT
4oct,Q6P6C2,AKG
4oag,Q8BGV8,ADP
4oak,Q9JN36,2-mer
4ocq,E8MF12,A2G
4oeu,Q0P844,HIS
4oiv,Q96RI1,XX9
4oks,K4KA16,2T9
4oma,Q84AR1,LCS
4omc,P09958,5-mer
4ryd,P09958,5-mer
6eqv,P09958,5-mer
6eqw,P09958,5-mer
6eqx,P09958,6-mer
6hzb,P09958,5-mer
6hza,P09958,5-mer
4omj,O76054,2TX
4omk,O76054,SQL
4or4,A0A0J9X1Y8,M7G
4or6,A0A0J9X1Y8,GDP
4ou3,P15145,6-mer
4ozj,B8ZYW1,ADP
4p3h,O36607,25G
4p58,O88587,2F6
4p5z,P29320,Q7M
4p6c,Q9KKP2,RES
4pb2,Q9KPL5,5UD
4pf5,P02866,M3N
4pft,Q9X0V0,MAB
4pfu,G4FEC0,MAB
4pin,A0R5M8,AVI
6fnq,A0R5M8,AVJ
6fnr,A0R5M8,DYT
4pmm,P04629,31V
6pl1,P04629,OOJ
4pop,A2RI47,2VY
4pow,P35120,OP1
4pox,P35120,2W2
4pp0,P35120,OP1
5ito,P35120,6DB
5itp,P35120,6DB
5ot8,P35120,6DB
5ot9,P35120,AOZ
5ota,P35120,AQQ
5otc,P35120,AQK
4pqa,Q9JYL2,X8Z
4psb,A0A1S3THR8,GA3
4pzv,Q5NGA7,J1D
4q0k,G7J032,GA3
4q19,P27707,2XL
4q3t,Q6WVP6,HAR
4q3u,Q6WVP6,NNH
4q46,A0A0J9X1Z6,GDP
4q93,P54577,STL
4q9o,Q8DRB3,2ZW
4qdk,Q55467,SAH
4qfl,A7Y7W1,2-mer
4qfn,A7Y7W1,2-mer
4qfo,A7Y7W1,2-mer
4qfp,A7Y7W1,2-mer
4qge,H2QL32,35O
4qij,P9WNP5,1HA
4ql1,P61964,35Q
5m23,P61964,7DC
5m25,P61964,7DU
5sxm,P61964,8-mer
6d9x,P61964,FZM
6dai,P61964,G2V
6dak,P61964,G1Y
6dar,P61964,G2J
6pge,P61964,OJM
6pgc,P61964,OJJ
6pgb,P61964,OJG
6pga,P61964,OGM
6pg9,P61964,OH1
6pg8,P61964,OGY
6pg7,P61964,OH4
6pg6,P61964,OH7
6pg5,P61964,OHV
6pg4,P61964,OHG
6pg3,P61964,OHJ
6e23,P61964,HLJ
6e22,P61964,HLS
6e1z,P61964,HLP
6e1y,P61964,HLM
6dy7,P61964,HH7
6u5y,P61964,Q0M
6u6w,P61964,Q0Y
6u8b,P61964,Q1M
6u8o,P61964,Q1G
4qpd,E3NZ06,THG
4qrh,A0A0J9X1Z9,0O2
4qyy,P63086,3G7
6cpw,P63086,F8V
4r0a,Q9NR97,URI
5wyx,Q9NR97,CU8
5wyz,Q9NR97,7VF
4r73,A3N294,G6P
4r74,A3N294,F6P
4r75,A3N294,S7P
4ra1,Q52012,ALX-BNX
4zeb,Q52012,AGR
4zec,Q52012,C84
4zei,Q52012,LAO
4zek,Q52012,LAH
4rd0,Q980A5,GDP
4rd3,Q980A5,GDP
4rd6,Q980A5,GDP
4rdn,Q9Y5A9,6MD
4re2,A2YPH1,MVL
4re4,A2YPH1,IFM
4rfr,P05050,RHN
4rhx,P9WHQ9,3QF
4rpn,P52679,PCI
4rpo,P52679,T6C
4rr6,Q9YFY3,A3S
4rra,Q9YFY3,A3T
4rrf,Q58597,A3S
4rrg,Q58597,A3T
4rwj,P11362,66T
5am6,P11362,38O
5am7,P11362,38O
4rww,Q8Y3Y7,2BA
4tmk,P0A720,T5A
5tmp,P0A720,Z5A
4tpw,P06730,33R
4tqn,Q92793,UL4
4yk0,Q92793,98
5dbm,Q92793,58N
5eng,Q92793,5QN
5ep7,Q92793,5QR
5h85,Q92793,5XS
5i8g,Q92793,69E
5j0d,Q92793,6F9
5mme,Q92793,8Q6
5mmg,Q92793,UT0
5mpk,Q92793,0BC
5mpn,Q92793,YE5
5mpz,Q92793,4I8
5mqe,Q92793,PKU
5nlk,Q92793,92E
5tb6,Q92793,77X
4trc,Q97W95,ADE
4u0f,P12493,3A8
4u0w,O34817,16G
4u1b,P53582,Q08
4u69,P53582,Q07
4u6c,P53582,Q06
4u6w,P53582,Q08
4u6z,P53582,Q07
4u70,P53582,Q04
4u71,P53582,Q03
4u73,P53582,Q02
4u43,O95819,3D8
4u54,P52293,3C5
4u5n,P52293,3D4
4u5o,P52293,3D5
4u5s,P52293,3D0
4ua8,D6E1Y1,MLR
4uac,D6E1Y1,ACR
4ual,Q9Y5S2,3FV
4uc5,Q9K169,PHE
4uma,Q9K169,GZ3
4umb,Q9K169,0V5
4umc,Q9K169,PEQ
4ucc,P03418,ZKW
4ufh,P54818,GIF
4ufi,P54818,AGK
4ufj,P54818,IF7
4ufk,P54818,LDU
4ufl,P54818,DZX
4ufm,P54818,DGJ
4uof,A5J299,DAT
4uoh,A5J299,ADP
4us3,Q9KDT3,TRP
4uye,P55201,9F9
5eq1,P55201,BEA
5etb,P55201,5RO
5mwh,P55201,UWX
5o5a,P55201,9LN
5ov8,P55201,AXN
6ekq,P55201,WGX
4v24,Q9NYA1,GYR
4w97,P9WMB9,UCA
4wk1,A0A0H2WXZ7,2BA
4wkb,A5F5R2,TDI
4x24,A5F5R2,TDI
4wn5,Q9Y2N7,MVC
4wop,P9WPQ5,CTP
6cvf,P9WPQ5,CDP
6cvv,P9WPQ5,ATP
6czb,P9WPQ5,UTP
6czc,P9WPQ5,TTP
6cze,P9WPQ5,ITT
4wrb,P14174,3TW
5hvs,P14174,65V
5hvt,P14174,NVS
5j7q,P14174,6H2
6b1k,P14174,C9G
6cbf,P14174,EWD
6cbg,P14174,EWG
4x8o,P69441,AP5
4xaq,Q14416,40F
4xas,Q14416,40H
4xar,Q14832,40F
4xmb,Q14145,41P
5x54,Q14145,5-mer
4xmr,Q0P864,ILE
4xoc,A0A454AB91,KGM
4xtv,I6YFP0,44K
4xtw,I6YFP0,44M
4xtx,I6YFP0,590
4xty,I6YFP0,44L
4xtz,I6YFP0,594
4xu0,I6YFP0,44N
4xu1,I6YFP0,44O
4xu2,I6YFP0,44Q
4xu3,I6YFP0,44R
4xxh,P36673,T6P
4xy8,Q9H8M2,43U
5eu1,Q9H8M2,5SW
5f1h,Q9H8M2,5U6
5f25,Q9H8M2,5TU
5f2p,Q9H8M2,5TY
5i7x,Q9H8M2,67B
5i7y,Q9H8M2,69G
5igm,Q9H8M2,BMF
5ji8,Q9H8M2,6KT
4y0a,A0A0M3KL09,SKM
4y2q,P34913,49N
6i5g,P34913,PTG
4yb5,Q5HSJ4,HIS
4yc0,A3UNN4,5OF
4ygf,A0A0M3KL20,AZM
4yha,A0A0M3KL20,MZM
5tt3,A0A0M3KL20,EZL
5tuo,A0A0M3KL20,1SA
4ykj,A0A0R4I973,ALA
4ykk,A0A0R4I973,DSN
4ymg,Q9HGR1,SAM
4ymh,Q9HGR1,SAH
4ymq,P51449,ZBD
5ufr,P51449,88J
6cn5,P51449,F7M
6j1l,P51449,B6L
4ymx,Q8RCC4,ARG
4yrd,A0A0H3JP37,3IT
4ysl,A5VWI3,GSH
4yzu,P00740,4K6
4z0k,P00740,4LN
4zae,P00740,4M1
5egm,P00740,5NY
4z2b,Q6L8Q7,4LC
4zb6,A0A0R4I980,GDS
4zb8,A0A0R4I981,GDS
4zba,A0A0R4I985,GDS
4zcs,Q8IEE9,CDC
4zji,Q13153,4OQ
5dey,Q13153,59T
5dfp,Q13153,59U
5ime,Q13153,6BZ
4zl4,Q6PRR9,4PK
4zme,P42527,ADN
4zow,P0AEY8,CLM
5a6k,A0A0H2US73,NSG
5a6x,A0A0H2ZE85,MFU
5aan,Q9VWX8,XOC
5fyx,Q9VWX8,FD6
6epa,Q9VWX8,BNQ
5ad1,Q0P8Q4,8LC
5tcy,Q0P8Q4,5LC
5ahw,A0QYW6,CMP
5aqz,P0DMV8,SGV
5mkr,P0DMV8,TI8
5mks,P0DMV8,TI8
6fhk,P0DMV8,ADP
5aut,P53355,2AN
5ave,A0A0H3AES3,SER
5avf,Q9KL26,TAU
5azf,Q09490,4-mer
5b25,Q01064,4QJ
5b2d,Q9WAF5,SLT
5btv,P31947,4-mer
5bv3,Q06151,M7G
5bw4,C7Q5P8,SAM
5c1m,P42866,4VO
5c2o,Q8DSE5,TTP
5c3p,Q7RYZ9,AKG
5c5t,Q84406,AKG
5cbm,A0A024V0B1,4ZN
5cep,Q12852,50E
5ceq,Q12852,50F
5vo1,Q12852,9FS
5cjf,Q9ULX7,520
5cks,P0AB91,52L
5cp9,P14210,6O5
5cs3,P14210,EP1
5ct2,P14210,CXS
5d0r,Q96PN6,B1T
5d1r,P9WMC9,56S
5d2r,B5ZAD9,56W
5d3x,Q8TCU6,4IP
5dnu,A0A0M3PN85,KKN
5dq8,Q15562,FLF
5dqe,Q15562,50000
5dqf,P35747,CZE
5dus,K9N638,APR
5duw,P56470,5GO
5dxt,P42336,5H5
6gvf,P42336,FE5
5e1s,P06213,5JA
5e6o,Q23536,4-mer
5edl,O34738,VIB
5eei,F8W4B7,SHH
5eek,F8W4B7,TSN
5een,F8W4B7,5OG
5ef7,F8W4B7,5OJ
5efh,F8W4B7,FKS
5efj,F8W4B7,4-mer
6csp,F8W4B7,FBM
6csq,F8W4B7,F9P
6csr,F8W4B7,BHO
6css,F8W4B7,FBJ
5efa,Q9QLL6,MGT
5efc,Q9QLL6,GTP
5el9,O23346,5DL
5elw,O23346,5LD
5epl,O00257,6-mer
5epn,C1KIK8,5R2
5ew0,Q9RMI1,3C7
5ewk,C9Z6T8,P34
5ewy,C9Z6T8,5TQ
5ey0,Q2FZ27,GTP
5eyr,P9WMC1,5T0
5f08,P9WMC1,5TG
5f0f,P9WMC1,5TD
5j1r,P9WMC1,6FG
5j3l,P9WMC1,6FR
5f1r,P22262,42O
5f1v,Q9PPB4,3VN
5f2u,O43924,4-mer
5x74,O43924,JAY
5f8y,H2FH31,X6X
5fbi,P00746,5WD
5fck,P00746,5WC
6ftz,P00746,E7E
6fuh,P00746,E88
6fui,P00746,E7W
6fuj,P00746,E8B
5fe6,Q92831,5WZ
5fe7,Q92831,5WU
5fe9,Q92831,5WS
5lvq,Q92831,2LX
5lvr,Q92831,78Y
6j3o,Q92831,B4L
5fh7,Q86U86,5XL
5fh8,Q86U86,5XK
5hrv,Q86U86,64C
5hrw,Q86U86,64E
5hrx,Q86U86,64F
5ii2,Q86U86,LU2
5fl4,Q16790,9FK
5fl5,Q16790,82E
5fl6,Q16790,Y0R
6fe0,Q16790,V90
6fe1,Q16790,V14
6g98,Q16790,ER5
6g9u,Q16790,ETK
5fnr,Q9Z2X8,XMS
5fns,Q9Z2X8,XYY
5fnt,Q9Z2X8,0PL
5fnu,Q9Z2X8,L6I
6qmk,Q9Z2X8,J8H
6qmj,Q9Z2X8,J6K
5fog,B6AA20,VRT
5fol,B6AA20,SO8
5fsc,B0CZL6,G8Z
5fsx,C9ZP98,ADP
5fsy,C9ZP98,AR6
5g17,Q70I53,6DK
5g1a,Q70I53,7H1
5g2b,Q8WQX9,LQY
5g57,Q8WQX9,6M5
5g5v,Q8WQX9,8Z4
5l8c,Q8WQX9,908
5l8y,Q8WQX9,CVA
6rfw,Q8WQX9,K1Q
6rfn,Q8WQX9,K3W
6gxq,Q8WQX9,FFZ
5g5f,A0A1P8NWC2,GSH
5kej,A0A1P8NWC2,GTX
5g5z,A0A0H2URD6,DQR
5g60,A0A0H2URD6,NYT
5g61,A0A0H2URD6,FNY
5gj9,Q41931,VGL
5gja,Q41931,6PC
5gmh,B3Y653,RX8
5gof,Q8IWA4,GTP
5gs9,Q8WTX7,ARG
5h1t,O15164,7FF
5h1u,O15164,6KT
5h1v,O15164,7FU
5h5f,Q12314,SAM
5ha1,P09455,RNE
5hbs,P09455,RTL
6e6m,P09455,8CB
6e5t,P09455,HVJ
6e5l,P09455,HVD
5hbn,P37571,RPI
5hi7,Q9H7B4,62X
5his,P20581,60P
5hjq,Q9VIH7,I3P
5htl,Q9KUV7,C2E
5hva,Q9RS96,DUP
5hwu,Q9RS96,DUP
5hwv,A5W4E3,MBN
5hz5,Q01469,65X
5i1q,P21675,67C
5i29,P21675,67B
5mg2,P21675,7M8
5i2e,P49773,67D
5i2f,P49773,BS5
5ipc,P49773,6CE
5kly,P49773,6UR
5kma,P49773,777
5wa8,P49773,9ZA
5wa9,P49773,9ZD
6n3y,P49773,HHJ
6n3x,P49773,KBD
6n3w,P49773,KBJ
6n3v,P49773,KB7
5i3a,B2ZB02,HQE
5i9x,P29317,DB8
5i9y,P29317,1N1
5i9z,P29317,627
5ia0,P29317,A5B
5ia1,P29317,ZZL
5ia2,P29317,L66
5ia3,P29317,P17
5ia4,P29317,88Z
5ia5,P29317,GV0
5njz,P29317,8ZH
5nk2,P29317,8ZZ
5nk3,P29317,92Q
5nk4,P29317,90E
5nk6,P29317,90W
5nk7,P29317,8ZZ
5nk8,P29317,90Z
5nk9,P29317,912
5nka,P29317,91H
5nkb,P29317,8ZT
5nkc,P29317,90T
5nkd,P29317,91K
5nkg,P29317,8ZK
5nkh,P29317,8ZQ
5nki,P29317,8ZW
6fnf,P29317,DXH
6fng,P29317,DWT
5ih9,Q14680,6BF
5ijr,O14786,HRG
5iyy,O14786,R40
5j1x,O14786,AR5
5jgi,O14786,AAG
5jgq,O14786,6JY
5jhk,O14786,6K8
6fmc,O14786,DUE
5ikb,Q01812,KAI
5ioz,A5U9I4,6C4
5irr,A8IYS5,GSP
5ivc,P29375,60000000
5ive,P29375,600000000
5ivv,P29375,6EN
5ivy,P29375,6EO
6dq4,P29375,K0I
5j7w,Q834R3,MTX
5jhb,P48736,6K5
5jox,A7LXT8,EDG
5jsg,Q9Y657,6P9
5jsj,Q9Y657,6PD
6qpl,Q9Y657,JC5
6i8y,Q9Y657,2OD
5jsq,Q07010,6MS
5k1d,Q99QC1,5GP
5k1f,Q99QC1,IMP
5k8s,Q7KQK0,CMP
5kat,A0A0H3JRN6,P4P
5kcb,A0A0H3JRN6,ET
5kax,Q8KFZ1,RHQ
5kbe,Q43965,IPH
5kh3,Q9UBN7,6U6
6ce6,Q9UBN7,EYP
6ced,Q9UBN7,EYA
5km9,Q9BX68,ADN
5ko1,Q8NB16,6UY
5ko5,A0A0U3AGT1,CYT
5kqx,C8BD48,ROC
5kqy,C8BD48,017
5kr0,C8BD48,478
5kr1,V5YAB1,017
5kr2,V5YAB1,ROC
5kva,C5Z4W3,SAM
5l2s,Q00534,6ZV
5l8a,Q8IEW2,6RB
5l9o,Q7D447,GOP
5lom,Q7D447,SNW
5ld8,P9WQD9,6U5
5ldm,A0A140NFI1,2AM
5ldp,A0A140NFI1,ATP
5lne,A0A0H2V7F6,2-mer
5lsh,P61626,KTS
5lso,Q96I25,6-mer
5ltn,P14240,XI7
5lud,P62937,76X
5t9u,P62937,7HG
5t9w,P62937,78E
5t9z,P62937,78R
5ta2,P62937,78X
5ta4,P62937,838
6gji,P62937,F1E
6gjj,P62937,L36
6gjl,P62937,F1Q
6gjm,P62937,L36
6gjn,P62937,F0Q
6gjr,P62937,F0W
5lz4,Q13093,7BW
5lz5,Q13093,7K4
5lz7,Q13093,7BK
5m04,P42641,GDP
5m28,B0L7B0,MLR
5m7s,O60502,NHT
5m7u,O60502,XHA
5mby,P12955,PRO
5mek,Q9C9C9,A3P
5mgj,Q9UIF9,7MX
5mgk,Q9UIF9,7MW
6fgg,Q9UIF9,D9B
6fhu,Q9UIF9,3-mer
5mlj,Q92830,9ST
6j3p,Q92830,B8O
5mrm,P69834,Q9T
5mro,P69834,Q9P
5mrp,P69834,6BC
5mxf,C7BLE4,MFU
5my8,Q96SB4,RXZ
5mz8,A9SS48,SIN
5n17,Q5A4W8,8FK
5n18,Q5A4W8,8HZ
5n1z,P41182,8GQ
6cq1,P41182,F8J
5n9r,Q93009,8RN
5ndf,Q10471,LU2
5ngz,Q9NPD8,2BG
5nn5,P10253,NOJ
5nn6,P10253,MIG
5nw7,P34948,9C2
5nwe,C3W6G3,G39
5nz4,C3W6G3,G39
5nze,C3W6G3,G39
5nzf,C3W6G3,G39
5nzn,C3W6G3,G39
5o58,Q9X1T1,2-mer
5o9o,Q06135,9PB
5o9p,Q06135,9P8
5o9q,Q06135,9PH
5o9r,Q06135,9PK
5o9y,Q06135,9PN
5oa2,Q06135,9PW
5oa6,Q06135,9PT
5oei,Q6N193,OOG
5oku,Q6N193,0L1
5oh2,A4TVL0,BAQ
5oh3,A4TVL0,9V2
5oh4,A4TVL0,9UZ
5oh7,A4TVL0,HYN
5oh9,A4TVL0,9UT
5oha,A4TVL0,9UW
6r1w,A4TVL0,JPW
6r1d,A4TVL0,JP5
6r1a,A4TVL0,JP8
6r18,A4TVL0,JOQ
6r13,A4TVL0,JOK
6r0v,A4TVL0,JO2
6r11,A4TVL0,JOB
5org,P0A4F8,6DB
5ost,F6BL85,AEZ
5ovr,P54829,AXK
5ovx,P54829,AY5
5oxk,Q5M4H8,2-mer
6ghj,Q5M4H8,3mer
5qa8,Q6XEC0,JSX
5qal,Q6XEC0,TVZ
5qay,Q6XEC0,X6P
5sym,O75608,71Q
5t8o,Q9WUL6,76Z
5t8p,Q9WUL6,774
5tef,Q8TEQ6,GTG
5tkj,P04578,8-mer
5tkk,P04578,8-mer
6mqe,P04578,8-mer
6mqc,P04578,8-mer
5tpx,Q8IB67,7H7
5tuz,Q9H9B1,7L6
5vsf,Q9H9B1,9HG
5twj,P0A8I8,SAM
5uc4,P08238,83S
5ucj,P08238,KU3
5ulp,A0A024B7W1,KB1
5umx,A0A125SA29,RBF
5umy,A0A125SA29,TNN
6bbx,A0A125SA29,D77
5uv2,A0A1C9J6A7,LA6
5uxf,Q8VC28,2BA
5var,O75164,92Y
5vc3,P30291,DB8
5vc4,P30291,XZN
5vd2,P30291,34W
5vcv,Q99640,1N1
5vcw,Q99640,93J
5vcy,Q99640,DB8
5vcz,Q99640,XZN
5vd0,Q99640,8X7
5vd1,Q99640,P48
5vd3,Q99640,H8H
5vja,O43293,DUK
5vr8,O60701,UDX
5vsj,Q9L1K2,9HV
5w1e,Q9Z4X2,PHB
5w44,C3W5S0,GY6
5we9,C3W5S0,GY7
5wbm,P50053,A4G
5wbo,P50053,A1Y
5wcm,Q89GW5,4NZ
5wl0,Q67296,21G
5wp5,Q944H0,SAH
5x62,P53934,SAH
5xmx,Q03181,89L
5xo7,A0A0D2ILK1,36J
5z7j,A0A0D2ILK1,36J
5xpi,Q96T88,8C3
5yas,P52704,FAC
5yfs,O57947,RI2
5yft,O57947,RI2
5yh8,Q2FVE7,8UX
5yhe,Q2FVE7,8UX
5yhg,Q2FVE7,8UX
5yj8,Q9H7E2,8W9
5yyf,P42568,7-mer
5yz2,P0AE78,AMP
5z5f,Q2I2N4,FUB
5z7b,Q8NN31,VNL
5z99,Q7VL18,SLB
5zkc,P08172,3C0
6ayo,Q0PC20,C1Y
6ayq,Q0PC20,TDI
6ayr,Q0PC20,BIG
6ays,Q0PC20,HT6
6ayt,Q0PC20,4EH
6b5q,Q96GG9,5-mer
6b7a,P0A6I6,CWM
6b7b,P0A6I6,CWJ
6chp,P0A6I6,F0Y
6ckw,P0A6I6,F6D
6b96,O00408,CZV
6b97,O00408,CZY
6b98,O00408,D07
6bdy,P13009,SFG
6bm5,P13009,SAM
6bm6,P13009,SAH
6cdj,Q5RZ08,GR8
6cdl,Q5RZ08,GR5
6ixd,Q5RZ08,B0F
6cdo,Q2N0S5,8-mer
6cdp,Q2N0S5,8-mer
6cwh,C1JZ07,6LA
6cwn,C1JZ07,6LA
6d2o,Q9HVB9,4MZ
6d50,A0A078SUX9,GCB
6dh1,Q7ZCI0,K13
6dh2,Q7ZCI0,A60
6dh6,Q7ZCR0,017
6dh7,Q7ZCR0,K13
6dh8,Q7ZCR0,A60
6edr,P28907,ZNA
6eif,Q13627,B5T
6eij,Q13627,B5Z
6eiq,Q13627,B6Z
6eir,Q13627,B6H
6eis,Q13627,B6N
6ep4,P06276,DME
6eqp,P06276,BUW
6epy,A0A083ZM57,RAF
6epz,A0A083ZM57,MLB
6eq1,A0A083ZM57,STW
6eq8,A0A083ZM57,BQZ
6euw,Q2LG68,BYB
6eux,Q5V8X3,BYB
6evn,O15460,9-mer
6exi,A0A087WNH6,ADN
6exs,A0A657M1C3,C3H
6f05,O80852,GTS
6f1j,A0A2H5BN17,EDG
6f90,Q8A325,MVL
6f92,Q8A0Q6,MVL
6f9g,Q88NI1,PUT
6faa,G0SEG4,ADP
6fba,O15804,D48
6fni,P54760,DXH
6fnj,P54760,DWT
6fv4,A0QU89,16G
6fyz,P56524,EBE
6g0z,A0A0H2XK72,GDP
6g14,A0A0H2XK72,G4P
6g34,Q8TF76,5ID
6g35,Q8TF76,EKK
6g36,Q8TF76,EKH
6g37,Q8TF76,FTU
6g38,Q8TF76,TBN
6g39,Q8TF76,5ID
6g3a,Q8TF76,5ID
6g9i,Q05320,CXX
6gg4,P14618,PHE
6nu5,P14618,CYS
6nu1,P14618,CYS
6gnm,Q9PTT3,27M
6gnp,Q9PTT3,F4Z
6gnr,Q9PTT3,6J3
6gnw,Q9PTT3,F52
6gon,Q9PTT3,8PF
6gvz,J9XXB7,CHO
6gw4,A0ZNP3,CHO
6gwr,Q08345,FEW
6gzd,P48729,LCI
6gzm,P48730,LCI
6h1u,P96257,ASP
6h2t,P96257,GLU
6h8s,P54830,FWB
6hai,Q8KRS7,FWW
6hh3,H3BCW1,A1R
6hh5,H3BCW1,A3R
6hke,Q6N446,MLT
6hlx,O50260,G9Z
6hpw,Q03111,GKT
6ht1,Q03111,GQ5
6t1i,Q03111,M7W
6t1j,Q03111,M7T
6t1l,Q03111,M7N
6t1m,Q03111,M8K
6t1n,Q03111,M7Z
6t1o,Q03111,M82
6hqy,A5H660,GKW
6hrq,A5H660,GM5
6hsh,A5H660,GOK
6htg,A5H660,T61
6mj7,Q13501,ARG
6mjf,A0A452CSY8,SAH
966c,P03956,RS2
6rot,P09945,KDQ
6rih,O43175,K4T
6plf,O43175,ONV
6r9x,P30405,JW2
6r9u,P30405,JVQ
6r8w,P30405,JVH
6r8o,P30405,JV2
6r8l,P30405,JUZ
6r4k,P22073,JSK
6r1b,P71619,CH5
6qr9,B1MDI3,JEE
6qr7,B1MDI3,JEK
6qr4,B1MDI3,JD8
6qr3,B1MDI3,JE8
6qr2,B1MDI3,JQB
6qr1,B1MDI3,JFT
6qr0,B1MDI3,JFB
6qqz,B1MDI3,JEB
6qqw,B1MDI3,JDQ
6qqv,B1MDI3,JEW
6qqu,B1MDI3,JF8
6qqq,B1MDI3,JDE
6qrc,B1MDI3,JFE
6qi4,P62166,FKW
6qe5,P37634,SAH
6qe0,P37634,HZ2
6qav,Q8IYT8,HVH
6qau,Q8IYT8,1FV
6py0,P04918,RTL
6pvz,P0AEG4,OZM
6poi,P0AEG4,OVS
6pve,P40261,OZP
6orr,P40261,N37
6pu3,A0A3Q9Y393,4-mer
6ppy,H2VFG5,OVY
6pid,A0A0J7JFD7,OKS
6pia,A0A0J7JFD7,XS6
6pi6,Q936X6,OKM
6pi5,Q936X6,GUN
6phx,A0A0H2URQ6,3-mer
6p9e,Q9NZH8,O6D
6p8a,P21645,O4D
6p89,P21645,O4A
6p88,P21645,O4G
6p87,P21645,O4P
6p86,P21645,O4S
6p85,P21645,O4V
6p83,P21645,O3Y
6p84,P21645,O3V
6p3v,P9WFK7,NRV
6p3t,P9WFK7,NRS
6ouv,Q9RUB5,TDK
6ooy,P01375,A7M
6om8,Q19905,UDX
6oja,Q9JPG4,MET
6o95,Q9NWZ3,LSV
6o94,Q9NWZ3,LRS
6o5x,I7BFC3,0Q4
6o5a,I7BFC3,2NC
6o5u,Q47030,KAN
6np5,Q47030,9CS
6np4,Q47030,TOY
6np3,Q47030,LLL
6np2,Q47030,SIS
6o5t,Q9K2N0,L8J
6dd0,Q9K2N0,P9T
6o5g,P0DP23,LMJ
6eeb,P0DP23,J6P
6nyv,Q8I0P1,LBD
6ny0,P00383,LBA
6nxz,P00383,D49
6nwl,Q9UBK2,HCY
6nwk,Q9UBK2,DEX
6nsv,Q9UNE7,6-mer
6nfy,Q92918,B49
6ndl,Q2G258,BQX
6nco,P02649,KQP
6ncn,P02649,KJM
6n9l,Q9WYV0,ADP
6n95,P52045,YXS
6mxc,Q38CA1,5GP
6mm2,B5II98,ATP
6mlp,P02911,ARG
6mlo,P02911,ARG
6mln,P02911,ARG
6mlj,P02911,ARG
6mli,P02911,ARG
6mlg,P02911,ARG
6mle,P02911,ARG
6ml9,P02911,ARG
6mla,P02911,ARG
6mkw,P02911,HIS
6mku,P02911,ARG
6md8,Q9L5C7,J84
6m8q,Q9UKF6,JBG
6kjd,B6H6L7,LVA
6k3l,A0A226BA59,3NG
6jtc,B2RID1,C8O
6jon,M5AAG8,DTP
6jof,P9WFY7,BWR
5zhl,P9WFY7,9D0
6jfk,O95140,GDP
6jdl,G3XCV0,AGS
6jdi,G3XCV0,AGS
6j7e,G3XCV0,AGS
6jbe,Q5SLD7,GLC
6jbb,Q5SLD7,SUC
6jb4,Q5SLD7,MAL
6jb0,Q5SLD7,TRE
6jaq,Q5SLD7,GLC
6jap,Q5SLD7,SUC
6jao,Q5SLD7,PAL
6jan,Q5SLD7,MAL
6jam,Q5SLD7,TRE
6jag,Q5SLD7,TRE
6jad,Q5SLD7,GLC
6j9y,Q5SLD7,MAL
6j9w,Q5SLD7,TRE
6jay,A0A221ZS22,JUK
6jaw,A0A221ZS22,BBO
6jav,A0A221ZS22,BC0
6j72,I7FE16,GTP
6j0o,Q9Y5P4,XAF
6if0,Q9Y5P4,A59
6iez,Q9Y5P4,A50
5zym,Q9Y5P4,9M6
5zyl,Q9Y5P4,9MC
5zyg,Q9Y5P4,9N3
6j0g,O00478,H6P
6iou,Q9KQ43,SER
6ios,Q9KQ43,PRO
6ior,Q9KQ43,ASN
6im4,O64094,6-mer
5zw6,O64094,6-mer
6iht,Q9RL81,3-mer
6ift,P37468,SAM
6idb,R4NN21,3-mer
6i18,Q16658,H0N
6i17,Q16658,GZW
6i14,Q16658,GZN
6i13,Q16658,H0Q
6i12,Q16658,H08
6i11,Q16658,H0H
6i0z,Q16658,GZQ
6hq7,Q6MLN6,PCG
6hni,Q18A65,TYR
6hm1,A8GFD6,AO3
6hgs,P07741,5GP
6hgr,P07741,IMP
6haz,P51531,FX5
6gxg,O77404,FFN
6gdy,Q6NYC1,AKG
6g9x,A0LNN5,JKE
6g2o,Q9BZ95,EJE
6g2f,Q9BZ95,EHW
6g2e,Q9BZ95,EHH
6g2c,Q9BZ95,EHT
6g2b,Q9BZ95,EH8
6g29,Q9BZ95,EHK
6g27,Q9BZ95,EHE
6g25,Q9BZ95,EHQ
6g24,Q9BZ95,EH2
6ftw,Q08499,E6Z
6ftf,Q4DSV5,7CI
6fh3,P0DMM5,RPI
6ets,Q6B0I6,I1L
6dzx,C6S9R8,MED
6dys,A4GK78,HJ1
6dyr,A4GK78,HJD
6dyn,A4GK78,HSM
6dsp,U5MRH9,PAV
6det,S3MDF0,ARG
6d9s,B9ZW32,G4P
6d3q,P0A6P9,4NG
6d19,Q9F663,YKG
6d18,Q9F663,GTV
6d17,Q9F663,VKE
6d16,Q9F663,FUJ
6d15,Q9F663,TWB
6mll,Q9F663,N1G
6czf,P0AG16,G4P
6cjs,P46598,2GJ
6cjr,P46598,E0G
6c9v,P9WID5,ERS
6c9s,P9WID5,ERP
6c85,C5GC63,PLQ
6bs4,P9WKX5,AGS
6bs3,P9WKX5,ADP
6as8,Q1RBS0,BTG
6aro,Q1RBS0,BS7
6arn,Q1RBS0,BQY
6aox,Q1RBS0,TF0
6arm,Q1RBS0,145
6ajr,A0QP43,URA
6abx,A4YGX6,FLC
6a87,A0A384E107,2-mer
5zvw,P0DOE3,6-mer
5zni,Q8T9Z7,YMZ
5znc,Q8T9Z7,QI9
5zg3,P42262,9C6
5zg1,P42262,9C0
5zg0,P42262,9C3
5zdb,Q9RZM4,AR6
5yum,P0ADF8,ILE
5ymx,Q1DB04,GDP
5vh0,Q54436,8P0
5ohy,A0A083ZKV2,9VH
5oht,P32138,9VH
5ogb,P29373,9U5
6qas,O75385,34W
6nzv,S4UY05,L9J
6sge,P62745,GTP
6ssy,Q47537,P7I
6st0,Q47537,LUQ
6stl,Q47537,TAU
6ueg,A6V1E4,Q5G
