PDBCode,affinity
10gs,0.4
5j41,199.0
1a1e,1.0
1a28,0.0050999999999999995
1sr7,8e-05
2w8y,0.00082
1a30,50.0
1bv7,5e-05
1bv9,0.00011
1bwa,0.0025
1bwb,0.0038
1hvh,0.011
1hwr,0.0047
3ao2,170.0
3t1a,0.0043
4q1w,2e-06
4q1x,7e-06
4q1y,4.4999999999999996e-05
5dgu,4.5e-06
5dgw,9e-06
6dif,1.9e-05
6dil,0.0076
6dj1,3.1e-05
6dj2,0.0076
6dj5,0.007200000000000001
6dj7,0.0019
6e7j,0.00033
6e9a,1.2e-06
1a4k,0.01
1a4r,0.22
1a69,5.0
1k9s,0.3
1a94,0.014
1d4y,8e-06
1iiq,0.033
1izi,0.26
1lzq,0.0040999999999999995
1m0b,0.0015300000000000001
1mrw,0.0002
1mrx,0.055
1msm,3.2999999999999996e-05
1msn,0.0008100000000000001
1nh0,0.00017999999999999998
1sdt,0.00054
1sdu,8.599999999999999e-05
1sdv,0.00181
1sgu,4.235
1sh9,0.932
2pqz,2.15
2pwc,0.27
2pwr,0.26
2pym,0.15
2pyn,0.027
2q63,0.066
2q64,0.003
2qci,0.0046
2qd6,0.0021000000000000003
2qd7,0.0008
2qd8,0.00085
2qnn,0.07
2qnp,0.39
2qnq,0.77
2r43,1.0
2z4o,0.00027
3a2o,0.00083
3bva,0.3
3bvb,3.2
3djk,2.6e-05
3dk1,0.00017999999999999998
3ggu,0.00016999999999999999
3h5b,9.900000000000001e-05
3i6o,4.4999999999999996e-05
3kdb,0.00014000000000000001
3kdc,0.0005200000000000001
3kdd,0.0034500000000000004
3pwm,0.0008
3st5,4.9999999999999996e-06
3t3c,5.9e-05
3ttp,0.00075
3vf5,0.00046
3vf7,0.0008
3vfb,0.00092
4dfg,1.8e-06
4hdb,0.0089
4hdf,0.0032
4hdp,0.0309
4heg,0.0012
4hla,1.6e-05
1a99,2.0
1a9m,0.11900000000000001
1d4h,0.0001
1d4i,0.0014
1d4j,0.0044
1ebw,0.0009000000000000001
1eby,0.0002
1ebz,0.0004
1ec0,0.0032
1ec1,0.0012
1ec2,0.0001
1ec3,0.00092
1g35,0.0073
1mes,0.02
1met,0.0004
1w5v,0.0070999999999999995
1w5w,0.0016
1w5x,0.004
1w5y,0.0033
1zpa,0.004
1zsf,0.00012
2aqu,0.00048
2uxz,0.0033
2uy0,0.12
3nu3,0.00015
3nu4,0.0015
3nu5,0.0045000000000000005
3nu6,0.0005
3nu9,0.0009000000000000001
3nuj,0.00041
3nuo,0.00016
3ok9,5.9e-06
3qaa,2.8999999999999998e-06
3tkw,5.4
3zps,0.005
3zpu,0.004200000000000001
4cp7,0.0078
4cpr,0.035
4cps,0.0054
4cpt,0.02
4cpw,0.0315
4u8w,5.7999999999999995e-06
4zip,0.00021
4zls,0.00082
5bry,1.5e-06
5bs4,9.900000000000002e-06
5jfp,0.00048
5jfu,0.0085
5jg1,0.0019
5ult,1.4e-05
5uov,2.5e-05
5upz,0.00063
6prf,0.0025
6o48,0.075
1a9q,0.68
1b8n,2.9999999999999997e-05
1b8o,2.3e-05
1lvu,4.8
1v48,0.016
3fuc,0.00018999999999999998
1afk,0.24
1afl,0.52
1jn4,11.3
1jvu,7.0
1o0f,5.0
1o0h,1.2
1o0m,7.1
1o0n,82.0
1qhc,0.027
1u1b,0.016
1w4o,6.0
1w4p,18.0
1w4q,5.5
1z6s,46.0
2w5g,0.86
2xog,370.0
3d6o,77.0
3d6p,179.0
3d8z,423.0
4g8v,1.6
4g8y,25.8
4g90,30.8
4rsk,47.4
6pvw,0.48
6pvv,1.4
1alw,0.3
1amw,29.0
1bgq,0.0027
2cgf,0.39
2fxs,0.87
2iwx,0.21
2vw5,0.003
2vwc,0.24
2weq,1.27
2wer,0.09
2yge,8.62
2ygf,8.06
1ax0,746.0
3n35,431.0
1b05,0.075
1b0h,0.2
1b1h,0.093
1b2h,29.0
1b32,0.079
1b3f,0.13
1b3g,0.2
1b3h,0.62
1b3l,1.3
1b40,0.053
1b46,5.2
1b4h,3.44
1b4z,5.9
1b51,0.043000000000000003
1b52,0.076
1b58,0.26
1b5h,0.97
1b5i,0.09
1b5j,0.037
1b6h,0.015
1b7h,0.0095
1b9j,1.1
1qka,1.2
1qkb,0.045
1b38,0.254
1e1v,12.0
1e1x,1.3
1jsv,2.0
1pxn,0.07
1pxo,0.002
1pxp,0.22
2exm,78.0
2fvd,0.003
2xmy,0.00011
2xnb,0.149
5jq5,2.341
6guh,0.026000000000000002
6guk,0.715
6q4g,50.0
6q4e,350.0
1b55,0.04
6nfh,0.07
1b57,0.01
1b6j,0.012
1b6k,0.0018000000000000002
1b6l,0.005
1d4k,0.0006
1d4l,0.0017
1kzk,4.1e-05
1z1h,0.004
2fgu,0.00066
2fgv,0.76
2qhy,0.033
2qhz,0.053
2qi0,0.042
2qi1,0.05
2qi3,6.3e-05
2qi4,3.6e-05
2qi5,1.4e-05
2qi6,2.7e-05
2qi7,6.2e-05
3ekp,0.0013000000000000002
3ekt,2.6e-05
3ekv,0.00039000000000000005
3ekw,0.0109
3ekx,0.00039000000000000005
3el1,0.00023
3el4,0.0674
3el5,0.0189
3el9,0.004
3gi4,1.6e-05
3gi5,6e-06
3gi6,6e-06
3i7e,1.4e-05
3mxd,0.00147
3mxe,9.7e-05
3o9i,1.5e-06
1b8y,0.014
1ciz,0.036000000000000004
1hfs,0.002
1usn,0.018
2d1o,0.02
2usn,0.31
1bdq,0.46
1g2k,0.011
2aoc,13.0
2aod,2.17
2aoe,0.024
2aog,0.53
2avm,2.0
2avq,41.0
2avs,0.027
2bpv,0.0212
2bpy,0.039799999999999995
2f80,0.0066
2f81,3e-05
2f8g,0.002
2r38,0.036
2r3t,1.4
2r3w,0.128
3bgb,0.9
3bgc,9.6
3cyw,0.017
3cyx,0.01
3d1x,0.0022
3d1y,0.006
3d1z,0.0016
1bhf,42.0
1bhx,0.145
3bv9,4.4
3da9,3.1
3po1,95.0
4hfp,0.042
1bju,16.0
1bjv,2.9
1c1r,0.0235
1c5p,21.0
1c5q,0.44
1c5s,1.0
1c5t,80.0
1eb2,0.98
1f0t,1.0
1f0u,0.069
1g36,0.067
1g3d,2.8
1g3e,4.2
1ghz,16.0
1gi1,3.4
1gi4,0.065
1gj6,0.1
1k1i,0.264
1k1j,0.028
1k1l,0.125
1k1m,0.04
1k1n,0.153
1k1o,0.675
1o2h,0.068
1o2j,0.12
1o2n,0.81
1o2o,0.44
1o2q,0.021
1o2r,6.1
1o2w,1.4
1o2z,0.78
1o30,0.17
1o33,1.8
1o35,10.0
1o36,1.1
1o38,0.15
1o3d,0.074
1o3f,0.011
1o3i,0.05
1o3j,0.17
1o3l,0.29
1oyq,0.11
1qb1,0.17
1qb6,0.87
1qb9,0.036000000000000004
1qbn,1.4000000000000001
1qbo,0.018000000000000002
1ql7,10.0
1tx7,25.0
1utn,321.0
1uto,5320.0
1v2j,566.0
1v2k,0.65
1v2l,51.0
1v2n,1.25
1v2o,18.45
1v2r,278.96
1v2s,68.0
1v2t,19.56
1v2u,427.0
1v2w,97.79
1xug,0.09
1y3v,2.3000000000000003
1y3x,7.315
1yp9,7.7
2bza,1580.0
2fx6,200.0
2zdk,0.428
2zdl,0.402
2zdm,0.386
2zdn,0.562
2zfs,0.28700000000000003
2zft,0.3
2zq2,0.276
3aas,31.0
3aau,9.0
3gy2,1.8
3gy3,2.36
3gy4,8.0
3gy7,30.0
3ljo,0.23900000000000002
3m35,0.06
3nkk,20.0
4ab9,466.0
4aba,153.0
4abb,31.0
4abd,40.0
4abe,400.0
4abf,24.0
4abg,271.0
4abh,71.0
5mn1,3300.0
5mnn,143.0
1bm7,0.03
1e4h,0.0039
2b9a,0.009000000000000001
2f7i,0.08
2g5u,0.0032
3cfn,10.0
3cft,64.0
3kgt,3.1
3kgu,1.2
3nee,4.6
3neo,1.2
3nes,2.4
3nex,1.0
3p3r,0.056049999999999996
3p3s,0.026000000000000002
3p3t,0.057909999999999996
4d7b,0.021
4der,0.49
4des,1.4
4det,2.1
4deu,2.29
4dew,0.1
5ayt,0.17
5boj,0.1
5en3,0.62
5ihh,0.39
5l4i,0.26
5l4j,52.0
5l4m,4.6
5u49,0.73
5u4b,1.8
5u4d,0.47
1bn1,0.00046
1bn3,0.00013000000000000002
1bn4,0.00049
1bnn,0.0001
1bnq,0.00032
1bnt,0.00016
1bnu,0.0002
1bnv,0.0017
1bnw,0.00083
1g1d,0.00035999999999999997
1g45,0.0023
1g46,0.0016
1g48,0.0039
1g4o,0.0056
1g52,0.00029
1g53,0.00091
1g54,0.0015
1i9n,0.0022
1i9p,0.0039
1if7,2.9999999999999997e-05
1if8,0.00022999999999999998
1ttm,0.045
1xpz,0.084
1xq0,0.454
1z9y,0.065
1zfq,0.03
1zge,0.05
2ez7,43.5
2h15,2.1350000000000002
2hl4,0.023
2hnc,0.06
2hoc,0.0003
2o4z,0.5660000000000001
2pou,0.038
2pov,0.075
2pow,0.063
2q1q,0.007
2q38,5.95
2weg,0.314
2weh,1.125
2wej,0.839
2weo,0.11800000000000001
2x7t,0.232
2x7u,5.34
3b4f,0.007200000000000001
3bl0,0.121
3bl1,2.52
3d8w,0.007
3d9z,0.002
3daz,0.011800000000000001
3dbu,0.0088
3dc3,0.004900000000000001
3dcc,0.0011
3dd0,0.001
3dd8,0.014
3eft,0.012
3f8e,0.059000000000000004
3ffp,0.0725
3hkn,4.51
3hkq,4.55
3hkt,4.1
3hku,0.005
3hs4,0.01
3ibi,0.0026000000000000003
3ibl,0.0146
3ibn,0.0245
3ibu,0.0007
3igp,0.0945
3k2f,0.063
3kwa,84.0
3m1k,4.1
3m3x,0.15
3m40,0.17
3m5e,0.043
3m67,0.18
3m96,0.06
3mhc,0.011
3mhi,0.2
3mhl,0.056
3mhm,0.1
3mho,0.32
3ml2,0.009000000000000001
3mmf,0.037
3mna,0.041
3myq,0.03
3mzc,0.226
3n0n,0.05
3n2p,0.015
3n3j,0.0033
3n4b,0.096
3nb5,0.018000000000000002
3ni5,0.028
3oil,2.1
3oim,0.18
3oku,0.44
3oy0,0.0101
3oyq,0.0103
3p4v,8.0
3p58,0.0254
3p5l,0.040799999999999996
3po6,0.0873
3r16,0.05
3r17,0.39
3ryj,0.016
3ryv,0.08600000000000001
3ryx,0.0073
3ryy,0.038
3ryz,0.0024
3rz0,0.028
3rz1,0.0018000000000000002
3rz5,0.013000000000000001
3rz7,0.0011
3rz8,0.0067
3s71,0.0023
3s72,0.4
3s73,0.002
3s75,0.15
3s76,9.0
3s77,0.061
3s78,0.34
3t5u,0.026
3t82,0.101
3t83,0.105
3t84,0.106
3t85,0.011300000000000001
3v7x,0.0027
3vbd,0.0086
4bf1,0.0024
4bf6,0.0045000000000000005
4e3g,10.6
4ht0,0.01
4itp,0.054
4iwz,0.051000000000000004
4jsa,11.0
4jss,500.0
4jsz,5000.0
4kni,0.0167
4knj,0.0111
4m2r,0.0032
4m2u,0.0091
4m2v,0.036000000000000004
4m2w,0.052000000000000005
4mo8,0.0101
4q08,0.5
4q09,0.0067
4q6d,0.043500000000000004
4q6e,0.667
4q7p,48.0
4q7s,38.0
4q7v,260.0
4q7w,2300.0
4q81,950.0
4q83,64.0
4q87,14.0
4q8x,270.0
4q8y,2300.0
4q90,7000.0
4q99,0.52
4q9y,2.1
4qtl,0.12
4qy3,0.15
4r59,0.011
4r5a,0.002
4r5b,0.185
4rfc,0.0057
4rfd,0.0089
4riu,0.05
4riv,0.1
4rn4,0.114
4rux,0.012
4ruy,0.0128
4ruz,0.023100000000000002
4yx4,1.0734000000000001
4yxi,0.31880000000000003
4yyt,0.4183
4z0q,0.0068
4z1e,0.0057
4z1j,0.0077
4z1k,0.0047
4zwx,0.002
4zwz,0.002
4zx0,0.01
4zx1,0.725
5amd,0.0028
5amg,0.006
5aml,0.0007
5byi,0.0307
5e28,0.0123
5e2k,0.009300000000000001
5e2r,0.0862
5e2s,0.00098
5eh5,1.35
5eh7,330.0
5eh8,791.0
5ehv,826.0
5ehw,1005.0
5eij,4.86
5ekm,0.48
5fdc,0.0348
5fdi,0.0185
5flo,709.0
5flq,1080.0
5fls,905.0
5flt,1280.0
5fng,1105.0
5gmn,18.8
5j8z,0.005
5ljq,0.001
5ljt,0.0012
5llc,0.0003
5lle,6e-05
5llg,7.4e-06
5llh,6.7e-05
5mjn,0.0029
5n0d,0.0033
5n0e,0.0036000000000000003
5n1r,0.0111
5n1s,0.010199999999999999
5n24,0.0012
5n25,0.0166
5nea,5e-05
5nee,2e-05
5nxg,0.0028
5nxi,0.2174
5nxo,0.004900000000000001
5nxp,0.010199999999999999
5nxw,0.0574
5ny1,0.36669999999999997
5ny3,0.0339
5nya,0.4156
5o07,0.0338
5sz0,0.0008
5sz1,0.0012
5sz2,0.002
5sz3,0.0025
5sz4,0.0002
5sz5,0.02
5sz6,0.099
5sz7,0.0002
5tfx,0.0609
5th4,1420.0
5ti0,61.0
5txy,3.5
5ty9,6.1
5tya,32.9
5u0d,28.6
5u0e,7.7
5u0f,3.4
5u0g,26.2
5uln,0.014199999999999999
5vgy,65.5
5wex,0.0663
5wgp,2.4
6b4d,0.78
6b59,0.008199999999999999
6c7w,3.41
6c7x,0.06520000000000001
6cjv,2.2
6ebe,0.2
6ecz,0.27
6eeo,0.37
6equ,0.419
6g3q,0.0579
6got,0.0004
6h29,2.4
6h2z,0.0005
6h33,0.0006
6h34,0.0005
6ql2,0.017
6ql1,0.33
6oe1,0.0031000000000000003
6oe0,0.0012
6odz,0.0007
6ic2,0.9174
6gxe,0.009000000000000001
6gxb,0.035
6g6t,0.02
6ugn,0.7635000000000001
6ugp,0.6855
6ugr,0.5336000000000001
6ugz,0.019100000000000002
6uh0,0.8531000000000001
1bp0,4.0
1jmf,1.7
1jmg,0.85
1bq4,6.0
1br6,600.0
1bxo,0.0001
1bxq,0.042
2web,7.6
2wec,110.0
2wed,0.8
1bzc,12.0
1bzj,22.0
1c83,14.0
1c84,9.9
1c86,20.0
1c87,63.0
1c88,5.1
1ecv,14.0
1g7f,3.4
1g7g,0.25
1gfy,8.32
1kav,1.5
1l8g,0.6
1nl9,1.1
1nny,0.022
1no6,39.0
1nwl,4100.0
1nz7,0.076
1ony,0.17
1onz,8.0
1pyn,3.2
1qxk,9.0
1xbo,0.92
2azr,230.0
2b07,0.37
2f6t,24.0
2h4g,0.3
2h4k,3.2
2hb1,160.0
2nt7,0.3
2nta,16.0
2qbp,0.004
2qbq,0.036
2qbr,0.47
2qbs,0.21
2zmm,0.025
2zn7,0.013000000000000001
3eax,12.0
3eb1,16.3
4i8n,35.0
5k9w,26.0
5ka1,33.0
5ka7,45.0
5ka9,39.0
5kab,21.0
5kad,37.0
5t19,32.0
1bzy,0.0046
1c3x,210.0
1c5x,0.21
1c5y,63.0
1ejn,2.4
1f5k,180.0
1f5l,5.3
1gi7,31.0
1gjc,0.45
1o5a,0.38
1o5c,6.0
1owe,0.631
1owh,0.04
1sqa,0.00062
1sqo,0.035
1sqt,0.63
1w0z,0.021
1w11,0.006
1w13,0.002
2r2w,34.0
2vnt,0.0099
3kgp,2680.0
3mhw,5030.0
4h42,341.0
5za7,1.356
5za8,0.508
5za9,0.183
5zae,0.156
5zaf,0.166
5zag,0.108
5zaj,0.042
5zc5,0.088
6nmb,2009.9999999999998
1c70,5e-05
1cet,1300.0
1d2e,1.0
1d7i,250.0
1d7j,500.0
1j4r,0.019
1df8,0.0002
1swg,0.0439
1swr,0.12
2izl,1.0
3rdo,0.00014000000000000001
3rdq,0.00049
3wzn,0.1
3x00,0.00083
4y59,5.8
4y5d,1.2
5b5f,5.6
5b5g,5.6
5n99,61.3
1dgm,8.9
1dqn,0.01
1duv,1.6e-06
1dy4,44.0
1dzk,0.8
1e2k,11.4
1e2l,51.5
1e3g,0.00099
1xow,0.0005200000000000001
1z95,0.076
2ax9,0.0003
3b5r,0.0017
3b65,0.00054
3b66,0.0025
3b67,0.0014
3b68,0.004
5cj6,0.0020299999999999997
1e3v,45.74
1ogx,0.81
5g2g,0.9
1e5j,100.0
1h5v,117.0
1ocq,6.5
1w3k,50.0
1w3l,0.52
8a3h,88.0
1e66,0.00013000000000000002
1gpk,4.3
1gpn,0.334
1h22,0.0008
1h23,0.0045000000000000005
3zv7,1.2
5bwc,0.061
5nap,0.01112
5nau,0.02986
6euc,168.0
1e6q,700.0
1e6s,600.0
1ec9,800.0
1ecq,1000.0
1efy,0.006
6i8t,1.76
6i8m,0.016
1egh,2.0
1ik4,0.039
1s89,5.8
1enu,8.3
1f3e,0.2
1k4g,1.4
1k4h,7.7
1q65,3.5
1r5y,0.35
1s38,7.0
1s39,0.02
2qzr,0.055
2z1w,83.0
3gc4,0.025
3gc5,0.055
3ge7,0.002
3rr4,28.05
4kwo,0.353
4lbu,0.276
4leq,0.28800000000000003
4pum,0.1881
4q4o,0.0343
4q4p,0.4074
4q4q,1.6389
4q4r,0.3692
4q4s,0.11159999999999999
5jxq,0.007
1ew8,5500.0
1ew9,600.0
1ex8,0.47
4f7v,4.16
1ez9,8.0
1ezq,0.0009000000000000001
1f0r,0.022
1f0s,0.018000000000000002
1fjs,0.00011
1g2l,0.057
1ksn,0.0004
1lpg,0.082
1lpk,0.028
1lpz,0.025
1mq5,0.001
1mq6,7e-06
1nfu,0.018000000000000002
1nfw,0.0011
1nfx,0.003
1nfy,0.0013000000000000002
1xka,0.131
1z6e,0.00019
2boh,0.003
2bok,0.28
2bq7,0.089
2j2u,0.047
2j34,0.015
2j4i,0.001
2j94,0.534
2j95,0.004
2jkh,0.009000000000000001
2p16,8e-05
2p95,0.00043
2ra0,0.0159
2uwl,0.004
2uwo,0.002
2uwp,0.154
2vh0,0.0031000000000000003
2vh6,0.0002
2vvc,0.003
2vvu,0.008
2vvv,0.006
2vwl,0.095
2vwm,0.093
2vwn,0.01
2vwo,0.031
2w26,0.0004
2wyg,0.002
2wyj,0.001
2xbv,0.0037
2xbw,0.01
2xbx,0.015
2xc0,0.192
2xc4,0.009000000000000001
2y5f,0.002
2y5g,0.146
2y5h,1.62
2y7x,0.0013000000000000002
2y7z,0.002
2y80,0.009000000000000001
2y81,0.002
2y82,0.004
3cs7,2.1e-05
3ffg,0.00084
3liw,0.025
3m36,0.00015
3m37,0.00091
4a7i,0.002
4y79,0.011
5k0h,0.081
1f4e,1100.0
1f4f,24.0
1f4g,0.33
1f57,2.3
1hdq,1.5
1hee,4.6
1iy7,0.64
2rfh,0.15
3fvl,0.86
3fx6,0.16
3kgq,5000.0
1f73,4100.0
1f74,900.0
1f8b,4.0
1f8c,0.04
1f8d,400.0
1f8e,15.0
2qwb,1820.0
2qwc,280.0
2qwd,14.0
2qwe,0.033
2qwf,2.16
1fao,0.043
1fch,0.07
1fcx,0.064
1fcy,0.003
1fcz,0.0006
1fd0,0.004
1fh7,5.8
1fh8,0.13
1fh9,0.37
1fhd,0.15
1j01,0.34
1fkn,0.0016
1m4h,0.0003
2fdp,0.026000000000000002
2g94,0.0003
2p4j,0.0011
2qmg,0.0007
2vkm,0.0018000000000000002
3bra,2000.0
3buf,800.0
3bug,660.0
3buh,220.0
3ckp,0.449
3i25,0.0031000000000000003
3kmx,15.0
3kmy,32.0
3l59,200.0
3lpi,0.003
3lpk,0.0008
3rsx,38.8
3ru1,14.2
3udh,1400.0
4dju,3.6
4djv,0.19
4djw,0.53
4djx,0.059000000000000004
4djy,0.0054
4fm7,0.057
4fm8,1.06
4fs4,0.27
4fsl,0.02
4gid,1.7000000000000003e-05
4h3f,0.001
4h3g,0.006
4h3j,0.09
4ha5,0.058
5dqc,0.0456
5htz,0.0024
5i3v,0.016
5i3w,0.0006
5i3x,0.008
5i3y,0.0004
5ie1,0.14
5v0n,0.06709999999999999
6ej2,0.016
6ej3,1.179
6nv9,0.0064
6nv7,0.0121
6nw3,0.0221
1fq5,0.004
1ft7,6.6
1txr,0.018000000000000002
3b3c,105.0
3b3s,2800.0
3b3w,65.0
3b7i,1.5
3vh9,0.58
1ftm,0.024800000000000003
1my4,0.105
1p1n,0.16
1p1o,1.74
1p1q,12.8
1syh,0.393
1syi,3.59
1wvj,0.185
1xhy,0.662
2al5,0.004
2p2a,0.75
3bft,0.323
3bfu,0.531
3pd8,0.34800000000000003
3pd9,0.6
3rtf,0.045
3tza,3.15
4g8m,0.0128
4igt,0.0128
4isu,210.0
4n07,0.35
4o3c,2570.0
4x48,0.17
5cbr,1.8
5cbs,3.9
5fhm,8.15
5fhn,1.27
5fho,0.213
5nih,0.134
6q60,1.97
6q54,0.32
1fv0,1.18
1jq8,1.01
1kpm,1.59
1q7a,0.064
1sv3,45.0
2arm,0.021
3h1x,1.3
4qem,0.016
4qer,0.029
4qf7,0.0025
4qf8,0.031
4qgd,0.037
1fzq,0.024
1g2o,2.8e-05
1n3i,0.0013000000000000002
1g74,0.3
2ans,1.2
2qm9,0.017
3hk1,0.67
1g7v,0.4
1phw,500.0
1g85,3.3
1g98,2.0
1koj,0.2
1gvw,0.11
1gvx,0.06
2v00,220.0
3prs,0.015
3pww,0.048
3uri,0.001
3wz6,1.1
3wz7,1.8
3wz8,1.5
4y3j,6800.0
4y3y,4500.0
4y4j,3400.0
5hct,0.0254
1gwv,2680.0
1o7o,32.0
1gx8,0.43
2gj5,0.00474
3nq3,167.0
3nq9,92.6
3ueu,5.81
3uev,1.29
3uew,0.49
3uex,0.12
4gny,60.0
6ge7,0.867
6gf9,0.411
6gfs,0.291
6ghh,0.193
6qi7,0.35
1gyx,3300.0
1gyy,230.0
1h0a,3.6
1h46,270.0
1h4w,22.0
5tp0,3.66
1h6h,5.0
1hi3,64.0
1hi4,32.0
1hi5,92.0
5e13,57.8
1hk4,4.9
6ezq,22.0
1hlk,10.0
1hn4,150.0
3qlm,0.431
1hp5,0.28
1jak,2.7
5fcz,63.0
6s5k,0.0479
6s4t,0.0112
6s4n,0.162
4rak,0.014
5jy3,0.012
1hxw,1.4999999999999999e-05
2wkz,0.0017
2wl0,0.016
2xye,0.0046
2xyf,0.0036000000000000003
4ej8,4.1
4ejl,7.2
1hyo,84.8
2hzy,0.041
1i1e,9.4
1i2s,490.0
3b3x,250.0
1i37,0.00027
2ihq,0.0032
3g0w,0.0003
1i5r,0.003
3hb4,0.0009000000000000001
6mnc,1.6
1ie9,6.500000000000001e-05
1s19,0.00031
1ii5,0.24
1iih,1300.0
1kv5,60.0
2j27,300.0
2v2c,390.0
2v2h,170.0
1ikt,400.0
1izh,0.02
1j14,32.2
1j16,143.0
1j17,6.05
1ql9,4.45
1j36,0.018000000000000002
1j37,0.0011
2x8z,0.011
2x91,0.18
2x95,11.3
2x96,94.0
2x97,2.2
2xhm,0.16
4ca7,0.044
4ca8,0.21
1jcx,7.0
3e12,1.02
1jgl,0.002
1jlr,465.0
1upf,25.0
6s57,8.0
6s56,8.0
4qsu,10000.0
4qsv,10000.0
4tt2,22.0
4tte,202.0
4tu4,175.0
4tz2,350.0
5a5q,21.0
5a81,2.9
1jqy,12.0
1pzi,60.0
1jyq,0.002
3ov1,6.25
3ove,0.27
3s8l,2.3
3s8n,0.62
3s8o,0.14
1jys,300.0
1nc1,0.75
1nc3,10.0
1y6q,2e-06
1y6r,7.7e-05
4yml,0.0045000000000000005
1jzs,0.25
1k1y,600.0
1k27,0.001
6dz3,0.0013000000000000002
6dz2,0.0014
6dz0,0.00094
6dyz,0.00063
1k6c,0.033
1k6p,0.044
1k6t,0.024
1k6v,0.12
1t7j,0.002
4a6b,0.004200000000000001
4a6c,0.012
1kc7,3.0
1kdk,0.0009000000000000001
1lhu,0.00148
1kjr,0.88
3t1m,910.0
5e89,0.014
5h9r,0.84
6eog,1.6
6eol,0.037
6qlu,23.0
6qlt,92.0
6qls,4.5
6qlr,15.0
6qlq,31.0
6qlp,5.2
6qlo,8.8
6qln,22.0
6qge,2.1
6qgf,1.0
1km3,12.4
1loq,200.0
1x1z,8.8e-06
2zz1,29.0
2zz2,29.0
3g1d,330.0
3g1v,645.0
3w07,420.0
3wjw,134.0
1kmy,8.0
1lgt,0.8
1kug,160.0
1kui,169.0
1kuk,124.0
1kv1,1.16
1yqj,0.0073
2baj,0.004
2bak,0.037
2bal,0.49
2yix,0.0033
2zb1,0.48
3d7z,0.012
3d83,0.0044
3e92,0.01
3e93,0.0014
3gcp,0.015
3gcs,0.056
3gcu,0.165
3hl7,0.023
3hll,0.0058
3hub,0.008199999999999999
3huc,1.03
3iph,0.0251
3iw5,0.839
3iw6,3.29
3o8p,0.35000000000000003
3roc,0.0064
4f9w,0.114
4f9y,0.184
5tbe,0.0010600000000000002
1kyv,1.2
1kzn,0.0012
4duh,6.6
4zvi,0.47
1lbf,0.014
1lee,0.018000000000000002
1lf2,0.03
1lgw,100.0
1li2,91.0
1li3,56.0
1li6,160.0
4i7j,480.0
4i7k,905.0
4i7l,103.0
4i7m,72.0
4i7p,317.0
4w52,175.0
1lke,0.0302
1lnm,0.002
1n0s,0.0352
1lrh,0.15
1lyx,29.0
1m0n,6000.0
1m0o,4900.0
1m0q,130.0
1zc9,600.0
1m1b,22.0
1m2p,0.78
1m2q,0.8
1m2r,0.35
1om1,0.17
1zoe,0.04
1zog,0.07
1zoh,0.1
2oxd,0.15
2oxx,0.2
2oxy,0.3
2pvh,0.26
2pvj,0.008
2pvk,0.005
2pvl,0.024
2pvm,0.36
3be9,0.024
3fl5,0.052000000000000005
3pwd,0.22
1m2x,70.0
1m48,8.2
1m5w,54.0
1m7y,1.1e-05
1m83,400.0
1mfi,2.6
1moq,350.0
1xff,15.0
1mrn,30.0
1mrs,110.0
4unp,590.0
1n1m,2.0
2oag,0.0034
2ole,0.05620000000000001
3nox,0.0022
3sww,0.004
4jh0,0.00094
4lko,0.006
5kby,0.0015
1n46,3e-05
1n4k,8.999999999999999e-05
1n51,14.0
1n5r,2.2
1q84,8.900000000000001e-06
2ha2,22.0
2ha3,930.0
2ha6,48.0
2whp,100.0
4ara,0.9
4arb,1.3
5ehq,3.2999999999999996e-05
1ndv,1.2
1ndw,5.9
1ndy,0.68
1ndz,0.0077
1o5r,0.0075
1qxl,0.011
1uml,0.03
1v7a,0.009800000000000001
2e1w,0.011
1nf8,0.015
1nhu,2.2
1os5,0.14
3cj2,14.0
3cj4,0.31
3cj5,0.46
3mf5,4.32
4b73,0.062
4b74,0.022
4b76,29.0
4eo6,0.002
4eo8,0.007
4ih5,78.0
4ih6,18.0
4ih7,5.8
1nhz,0.84
1njs,0.015
4ew2,0.21
4ew3,0.18
1nki,0.2
1nli,260.0
1np0,270.0
1nvq,0.0056
1nvr,0.0078
1nvs,0.015
2br1,7.2
2brb,13.7
2brm,1.3
2c3l,8.58
2e9u,0.007940000000000001
3jvr,1.89
3jvs,0.29
5oot,0.0285
5op4,0.194
5op5,0.216
5oq8,1.41
1nw4,0.00086
1q1g,0.0027
6aqs,0.028
1nw5,6.1
1nw7,8.1
1o5e,1.8
1p57,40.0
1o86,0.00027
2oc2,0.003
2xyd,0.15
3bkk,0.83
3bkl,0.679
3l3n,0.0066
3nxq,0.007
4ca5,0.00041
4ca6,0.18
6en5,0.01145
6f9u,7.4
6f9v,0.1719
6h5x,1.5e-05
1oar,0.04
1oau,0.02
1oba,3600.0
1od8,8.0
1v0k,8.0
1v0l,0.028
1odi,62.0
1odj,80.0
1oe8,3.0
1ogd,930.0
1ogg,6.4
1ogz,1.4
1ohr,0.002
1oif,0.019
1uz1,0.13
1w3j,0.484
2cbu,2.1
2cbv,3.3
2ces,0.056
2cet,0.0096
2j75,0.225
2j77,12.9
2j78,0.384
2j79,1.1
2j7b,0.24
2j7d,0.074
2j7e,0.048
2j7f,0.445
2j7g,0.1
2j7h,0.065
2vrj,0.5
2wbg,35.2
2wc3,0.83
2wc4,5.1
5n6s,0.008199999999999999
5oss,28.3
1ork,0.0015600000000000002
1os0,0.93
1qf0,0.042
1qf1,0.048
1qf2,1.2
1z9g,2.3
1zdp,1.8
3fcq,1700.0
5js3,0.185
5jss,0.354
5jt9,0.233
5jvi,0.31
5jxn,0.388
5lif,1.34
5lvd,2400.0
5lwd,0.57
5m9w,5700.0
5ma7,336.0
5mnr,3.44
5n2t,8.4
5n2z,4.9
5n31,1.61
5n34,23.27
5n3v,45.24
5n3y,9.32
1oss,16.4
1oxr,6.4
1td7,43.0
1oz0,0.02
1thz,7.1
2b1g,0.23
2b1i,0.15
1p19,76.8
1pa9,25.0
1pb8,7.02
1pb9,241.0
1pbq,0.54
1y1z,831.0
1y20,4.8
4kfq,0.005860000000000001
1pfu,1900.0
1pkx,0.12
1pme,0.0004
2ojg,2.3
2ojj,0.002
3i5z,0.002
3i60,0.002
4qp2,940.0
1pr5,120.0
1ps3,5200.0
2f7o,0.036
2f7p,0.249
3d4y,2.0
3d4z,13.0
3d50,17.0
3d51,70.0
3d52,520.0
3ddf,22.0
3ddg,1.0
3dx1,265.0
3dx2,0.15
3dx3,0.3
3dx4,0.076
3ejp,0.0028
3ejq,0.0027
3ejr,0.0027
1pvn,0.00015
1px4,590.0
3dyo,5000.0
3i3b,5900.0
3muz,350.0
3mv0,140.0
3t08,910.0
3t09,160.0
3t0b,50.0
3t0d,4300.0
3t2q,220.0
3vd4,15.0
3vd9,100.0
3vdb,3030.0
1pzp,490.0
1q54,1.4
2vnp,0.00012
1q5k,0.038
3i4b,0.007
4acc,0.02
6hk4,0.00281
6hk3,0.0314
1q91,70.0
6g2l,0.068
6g2m,0.0151
1qan,33.0
1qaw,7.5
1qft,0.0017
1qin,0.01
1qji,14.0
1qk3,7.1
1qk4,61.0
1qkt,0.00092
2ayr,0.00051
2pog,0.00029
2qe4,0.011
1qy1,0.3
1qy2,1.8
1r0p,0.01
2wgj,0.002
3q6w,0.027
3r7o,0.0044
3u6h,0.001
3u6i,0.001
3zbx,0.006
3zc5,0.074
3zcl,0.0101
3zxz,0.004
3zze,0.0013000000000000002
4aoi,0.004
4ap7,0.011
4gg7,0.0063
5ya5,0.19
1r1h,0.0012
1r1j,0.0023
1r9l,4.0
1rd4,0.0183
3f78,800.0
1rmz,0.01
2hu6,154.0
3ehx,0.025
3ehy,1.4
3f15,0.00788
3f16,0.00591
3f17,0.00236
3f18,0.0395
3f19,0.06509999999999999
3f1a,0.0611
3lir,0.11900000000000001
3ljg,0.018600000000000002
3lk8,0.0197
3lka,1500.0
3n2u,0.0143
3n2v,0.031
3nx7,0.00788
3ts4,0.0019
3tsk,0.067
4efs,0.0025
4gql,0.00026000000000000003
4gr0,0.00028000000000000003
4gr3,0.0155
4gr8,0.0147
5cxa,0.009000000000000001
5czm,0.0048
5d3c,3.9999999999999996e-05
1ro6,0.35000000000000003
3o56,0.000794
5laq,0.00063
1rp7,0.003
2qta,1.75
1rpj,0.33
1rql,1790.0
1rr6,5.6e-05
2on6,0.17200000000000001
3bgs,0.00037999999999999997
3k8o,8.599999999999999e-06
3k8q,5.2e-06
4eb8,0.00015099999999999998
5etj,6.599999999999999e-05
1s5z,620.0
4cp5,452.0
1ssq,1.0
1sw2,0.06
3mam,76.0
1t31,0.0023
3n7o,0.07200000000000001
5yjm,0.021
1t32,0.038
1t5f,60.0
1t7d,0.94
1tq4,0.64
1u0g,0.7
1u1w,1.4
1u33,25.0
1xd0,0.075
3old,1.2549000000000001
4gqq,1300.0
4gqr,110.0
1u71,0.033
3oaf,0.0016
4g95,0.024399999999999998
1ua4,60.0
1ucn,6.0
1uho,0.0006
1ui0,0.088
1uj5,890.0
1uou,0.02
2wk6,480.0
1ur9,1.7
1usi,0.18
1usk,0.4
1utj,144.0
1utl,3410.0
1utm,972.0
1uv6,7.575
1uw6,0.045200000000000004
3u8j,0.0031000000000000003
3u8k,0.0022
3u8l,0.0089
3u8n,6.7e-05
3wtj,0.297
3wtl,0.092
3wtm,0.1
3wtn,0.091
3wto,0.119
3zdg,0.079
3zdh,0.045
4alx,0.052000000000000005
4qac,0.0004
1uwf,0.15
4att,0.1046
4auj,0.0183
4av4,0.0943
4av5,0.061
4avh,0.059500000000000004
4avi,0.023600000000000003
4avj,0.0365
4css,0.0035
4cst,0.0013000000000000002
4lov,0.0171
4x50,0.0177
4x5p,0.006200000000000001
4x5q,0.001
4x5r,0.014
4xo8,0.0011
5fs5,0.2064
6g2s,0.00401
6g2r,0.00035
1uwt,1.08
1uwu,1.04
2ceq,0.053
2cer,0.0006
1uz4,400.0
1uz8,11.0
1v1j,15.0
1vso,18.98
2f34,0.13
2f35,3.94
2pbw,0.00556
2wky,0.00257
3gba,0.000848
3gbb,0.126
3s2v,0.157
4dld,1.5
4e0x,0.076
4qf9,37.1
4ymb,0.62
5neb,0.017
6fz4,1.12
6sbt,0.166
1vyf,0.009000000000000001
1vyg,0.01
1w96,0.0039
1w9u,0.81
1w9v,0.46
2iuz,2.8
1wc1,100.0
1wcq,0.55
1wdn,0.5
1wm1,0.5
1wn6,21.0
1ws1,0.00028000000000000003
1wuq,0.0054
1wur,0.22
1x38,0.0017
1x39,0.0006
6md6,8.0
1x8d,6160.0
1x8j,0.11
1x8r,0.75
1x8t,0.016
2pq9,0.0078
1xap,0.002
1xgi,14.0
2pu2,37.0
2r9w,8.0
2r9x,14.0
3gqz,6700.0
3gr2,3000.0
3gtc,4500.0
3gv9,7500.0
3gvb,2600.0
4jxs,18.0
4kz3,1700.0
4kz4,70.0
4kz6,800.0
4kz7,3200.0
6dpz,259.0
6dpy,80.0
6dpx,1.3
6dpt,0.077
1xjd,0.00033
1xk5,1.0
1xk9,0.14
1xkk,0.003
3ug2,0.0056
4rj8,0.017
5c8n,0.028
5cap,0.052000000000000005
5caq,0.0027
5cas,0.0014
5cau,0.0016
5hcy,0.0012
1xt8,0.14
1xws,0.01
2c3i,0.025
2xj1,0.028
2xj2,0.066
3bgq,0.011
3bgz,0.55
3jy0,0.005
3jya,0.1301
4k0y,0.015
4k18,0.0011
4n6z,0.016
5dwr,6e-06
5ipj,0.0013000000000000002
5v82,7.000000000000001e-05
6no9,3e-05
1y3n,2.8
1y3p,15.0
1yc1,0.68
1yc4,0.28
1yet,1.2
2qg0,1.9
2qg2,4.0
2uwd,0.0045000000000000005
2xab,0.00054
2xdk,250.0
2xdl,790.0
2xdx,0.35
2xht,1.1
2xjg,0.015
2xjj,0.31
2xjx,0.00071
2yi0,0.0075
2yi7,0.0048
2yki,0.00035
3b24,42.0
3b25,0.86
3b26,0.23
3b27,6.9
3d0b,0.29
3eko,0.2
3ekr,0.03
3hek,0.0054
3k97,0.01
3k99,0.06
3qdd,0.0017
3r4m,1.2
3r4n,0.13
3r4p,0.011
3rlp,0.084
3rlq,0.04
3rlr,0.03
3vha,0.04
3vhc,0.0013000000000000002
3vhd,0.0005200000000000001
3wha,0.00048
4b7p,0.000346
4bqg,0.6
4cwf,32.4
4cwn,2.6
4cwo,6.1
4cwp,0.17
4cwq,0.088
4cwr,0.005
4cws,0.012
4cwt,0.179
4egk,0.019
4fcq,0.101
4nh7,0.004
4nh8,0.003
4o04,0.69
4o05,0.037
4o07,0.042
4o09,0.02
4o0b,0.005
4xip,0.23500000000000001
4xiq,0.08600000000000001
4xir,0.115
4xit,0.054
5fnc,77.0
5fnd,320.0
5fnf,700.0
5j20,0.0007199999999999999
5j27,0.18
5j2x,0.018000000000000002
5j64,0.14
5j6l,0.013000000000000001
5j6m,0.0027
5j6n,0.017
5j82,1.0
5j86,0.0055
5j8m,0.16
5j8u,0.34
5j9x,0.017
5lny,0.042
5nyh,0.0187
5odx,0.195
5vyy,0.62
6ei5,0.0383
6el5,0.133
6eln,0.9
6elo,0.514
6elp,0.23600000000000002
6ey8,1.55
6ey9,1.24
6eya,0.033
6eyb,4.22
6f1n,0.547
6olx,4.2
6n8x,2.0
6fcj,0.0711
6hhr,0.098
1ydk,1.3
4hj2,2950.0
1yfz,45.0
1yq7,0.08220000000000001
2f94,0.195
2f9k,0.0859
4pvx,0.17200000000000001
4pvy,0.197
5ja0,6.0
1yqy,0.024
4dv8,0.00058
1yvm,0.4
1z4o,30.0
2wf5,1.0
1zhy,0.3
1zs0,0.7000000000000001
1zvx,0.0006
3tt4,0.0053
2a14,2.0
2a4m,30.0
2a5b,117.0
2a5c,24.0
2a8g,205.0
2jgs,0.24
5chk,4.12
2a5s,0.2
2afw,17.0
2afx,7.1
3pbb,0.095
2aj8,0.638
2am4,190.0
2amt,36.0
2gzl,15.0
3elc,2020.0
2b4l,17.0
2bes,57.0
2bet,1700.0
2bfq,0.13
2bfr,5.63
2bo4,24.6
2boj,1.7
2jdm,3.96
2jdp,0.25
2jdu,0.19
3zdv,3.3
2bqv,0.009000000000000001
2bt9,0.64
4csd,1.23
2bvd,1.0
2byr,0.0028
2bys,0.0003
2pgz,1.8
2wn9,0.003
2wnc,0.47900000000000004
2wnj,0.33
2x00,4.7e-06
2xys,0.038
2xyt,0.5092
2ymd,693.0
2yme,0.022
3c79,0.063
3c84,0.014
3sio,0.01
4dbm,0.024
4xk9,0.00086
5obg,0.0741
5oaj,0.275
5o87,0.245
2bz6,0.081
4ish,0.0019
4isi,0.0073
4na9,0.041
4x8u,3500.0
4x8v,0.13
5l30,0.0007199999999999999
5u6j,0.023
2c1p,4.0
2c80,4.7
2ca8,22.0
2c92,2.11
2c94,0.15
2c97,0.72
2cbj,0.0054
2j62,4.599999999999999e-06
2wb5,0.00074
2x0y,25.0
2xpk,5e-06
2cbz,118.0
2cc7,0.009880000000000002
2ccb,0.03576
2ccc,0.017570000000000002
2ce9,0.93
2cej,0.0024
4a4q,0.0004
2cen,0.005
2cex,20.0
3b50,0.028
2d0k,9.51
2d1n,0.007
3kek,0.0044
3ljz,0.0073
3tvc,0.018000000000000002
456c,0.00017
4l19,0.8
2d3u,0.12
2d3z,0.23
2doo,0.067
5ev8,6.0
5ewa,15.0
2dw7,20.0
2e2p,18.0
2e2r,0.0055
2p7a,0.788
2p7g,0.297
2p7z,0.262
6i67,0.20140000000000002
6i66,0.1825
6i65,0.39039999999999997
6i64,0.04870000000000001
6i63,0.0986
6i62,0.1575
6i61,0.5690000000000001
2e7f,0.79
2ogy,33.2
2e91,0.26
2e92,0.13
2e94,0.01
2epn,0.06
2euk,0.25
2evl,0.2
2ewa,0.0115
2ewb,0.8
2ews,0.24
2f1g,0.029
2hhn,0.032
3n3g,0.058
2f2h,2.0
2fle,0.014
2fpz,110.0
2za5,0.0037
2fqo,0.37
2fqt,0.72
2fqw,0.21
2fqx,0.07100000000000001
2fqy,0.27
2fu8,20.0
2qdt,6.5
5dpx,35.0
5evb,10.0
5evd,10.0
5evk,12.0
2fw6,1200.0
2fxu,0.007
2fxv,4.5
2gh9,1.0
2gkl,4.5
3iof,6.0
3iog,3.0
2gl0,15.0
2glp,9.7
2gsu,260.0
2gv6,0.046
2gv7,0.014
4jyt,0.04
4jz1,0.2
4jzi,0.04
4o97,0.003
4o9v,0.01
2gvj,0.0003
4n9c,126.0
5upe,0.009000000000000001
5upf,0.0025
2gvv,125.0
2gz2,6.0
2h21,0.29
2h6b,4.1
2h6t,0.06
2haw,12.0
2hmu,0.02
2hmv,0.02
2hnx,0.083
5d45,0.12
5d47,0.1
5d48,0.03
5edb,0.1
5edc,0.022
5hz6,0.016
5hz8,0.4
5y12,0.59
5y13,1.16
2hxm,6.0
2hzl,0.27
2i0a,4e-06
2psu,0.024
2i19,0.016
3egt,0.00126
2i2c,20.0
4dy6,40.0
5dhu,0.5
2i3h,0.04
2i3i,0.05
3f7g,0.043000000000000003
3f7h,0.082
3f7i,0.046
3gt9,110.0
3gta,53.0
2i4j,0.6848
2i4z,1.978
2p4y,0.001
2yfe,0.236
4a4v,0.287
4a4w,0.019
4r06,0.513
5f9b,54.82
5lsg,4.0
6md0,1.27
6dgr,12.3
6dgq,3.09
6dgl,3.05
2i6b,0.068
2i80,4.0
2ihj,25.7
2iko,3.571
3d91,0.0007
3own,0.034
4s1g,0.0006
2isw,0.037
3ohi,14.0
2j47,3.9
2j4g,0.25
2jiw,26.0
2vvn,0.05
2vvs,0.046
2w4x,14.0
2w66,89.0
2w67,11.0
2wca,2.5
2xj7,0.22
2xm1,8.5
2xm2,24.0
2jew,0.20600000000000002
2jf4,0.007
2jg0,0.015
2jjb,0.012
2jfz,5.8
2jke,59.0
2jkp,59.0
2zq0,0.15
2nmx,2.7
2nn1,1.5
2nn7,0.3
3lxe,0.25
6evr,0.0088
6ex1,0.0494
6f3b,0.27330000000000004
6faf,0.30610000000000004
6g3v,0.9224
6fag,0.2551
2nsj,16.3
2nsl,20.9
2o0u,3.2
2o8h,0.025
2ovv,0.012
2ovy,0.004
2oax,0.002232
5hcv,0.002
2oi0,0.028
3b92,0.01
3ewj,0.14300000000000002
3kmc,0.4
3l0v,0.023
3le9,0.006
3lea,0.0008
2oi2,0.5
2oiq,10.0
4o2p,0.2
4ybk,0.015
2ot1,100.0
2oxn,0.036000000000000004
3gs6,0.26
3gsm,0.33
2oym,10.0
2p3a,0.011
2p3c,0.024
2p3i,330.0
2p4s,0.00031
2p53,0.035
2pqb,0.063
2pqc,1.8
2pql,0.053
2psv,0.058
2ptz,0.015
2pu1,1.4
2pvu,0.49
2q2a,0.039
2pwd,40.0
2pwg,15.0
2py4,0.2
5ect,5.2
5edd,5.7
2pyy,25.0
2q54,0.00098
2q5k,4.9999999999999996e-06
2q55,0.00204
2q6f,3.6
2q88,1.6
2q89,0.5
2q8h,1000.0
2q8m,94.0
2q8z,2.1
2qbu,0.645
2qbw,0.056
2qpq,0.43
2qpu,250.0
2qrk,55.0
2qrl,100.0
2qtg,8.3
2qtt,48.0
3lgs,24.8
2qu6,0.003
3vhk,25.0
4ag8,0.0011
4agc,2e-05
4asd,0.0005200000000000001
4ase,1e-05
2qw1,125.0
2r0h,310.0
2r58,10000.0
2r5a,2500.0
2r59,0.006500000000000001
2vj8,0.002
3b7r,0.02
3b7u,0.018000000000000002
3fh7,0.025
4l2l,2.0
2r5p,0.0033
2r75,0.714
2ra6,30.0
2rcb,0.163
2rcn,1.0
2rd6,0.005
3gjw,0.005
3l3l,0.033
3l3m,0.006
4und,0.0011
4zzz,0.087
5xsr,0.020300000000000002
6bhv,5.87
2reg,2.3
2rin,100.0
2ri9,600.0
2rio,20.4
2rk8,230.0
2rka,1000.0
2rkd,1900.0
2rke,82.5
3mof,860.0
6p5o,28.6
2rkf,0.00083
4m8x,6.3e-05
4m8y,0.00011
2rkg,0.008199999999999999
2std,0.00014000000000000001
3std,7.699999999999999e-06
4std,4.7e-05
5std,3.2e-05
6std,0.0023
7std,1.8999999999999998e-05
2uxi,0.05
2uy3,600.0
2uy4,21.0
2uy5,3.2
2uyn,2000.0
2uyq,2.1
2uz9,1.96
2v25,1.9
2v2q,71.2
2v2v,85.8
2v3d,116.0
2v3u,1000.0
5cc2,80.0
2v54,25.0
2v58,0.00082
2v59,0.018000000000000002
3rv4,5000.0
2v77,8.7
2v7a,0.005
3pyy,0.137
4twp,9.999999999999999e-05
4wa9,0.0038
5hu9,0.0242
2v95,0.005
2vb8,25.0
2vba,25.0
2vc9,0.0036000000000000003
2ves,0.02
4lch,2.4e-05
5drr,3.5e-06
2vfk,194.0
2vhj,125.0
2vjx,11.0
2vl4,0.975
2vmf,1.4000000000000001
2vo5,13.0
2vot,0.07200000000000001
2vqt,1.0
2vk2,0.13
2vk6,5.0
2vmc,1150.0
2vmd,950.0
2vo4,11.6
2vpn,0.19
2vpo,3.8
2vsl,0.004
3cm2,0.34
3hl5,34.0
4j44,1.87
4j45,1.7
4j46,5.24
4j47,12.02
4j48,2.41
6gjw,11.0
2vt3,70.0
2vuk,125.0
4agl,225.0
4agm,105.0
4agn,107.0
4ago,15.5
4agp,20.6
4agq,9.7
5a7b,271.0
5aba,1040.0
5aoi,940.0
5aoj,21.0
5aol,4800.0
5g4m,138.0
5g4n,101.0
5g4o,37.0
5o1d,22.0
5o1f,30.0
5o1h,14.0
6ggf,4.1
6ggb,4.1
6gga,14.2
2vw1,300.0
2vw2,500.0
2vxn,10.0
2vyt,1840.0
2vzr,52.6
2x09,175.0
2w08,380.0
3kqr,36.8
4avs,322.0
4ayu,18.6
2w47,10.5
2w8j,1100.0
2w8w,7500.0
2w9h,0.43
2we3,37.0
2wjg,0.08
2wly,0.25
2wlz,25.0
2wm0,30.0
2wor,125.0
2wos,125.0
2wq5,180.0
2wr8,3.6
2wtv,0.0018000000000000002
3myg,2e-05
3uo4,0.299
3uod,0.049
3up2,0.04
5orv,1297.0
5orw,796.0
5os2,1821.0
5os4,1665.0
5os5,410.0
5ose,681.0
6c2r,0.0008
2wuf,51.0
2wvt,0.755
2xib,0.0551
2xii,0.0633
4j28,2.0
4jfs,5.4
4pcs,0.014
4pee,0.0048
6hzy,121.0
2wvz,96.0
2wzs,140.0
2wyf,37.0
3zyf,14.1
4a6s,6.3
4ljh,19.4
4lk7,9.1
5d21,0.004200000000000001
2wzf,0.1
2wzm,6.0
2x2r,0.0762
5zo8,0.0063
2x4z,0.0027
4app,0.064
4o0x,0.068
4o0y,0.06
5xva,0.051
5xvg,0.009
2x6x,210.0
2xb7,0.0006500000000000001
2yfx,0.008199999999999999
4cd0,0.0002
4clj,0.0007
4cmo,0.00085
5aa9,0.0064
5fto,0.006200000000000001
5kz0,0.022
2xb8,0.026000000000000002
3n76,0.14
3n7a,200.0
3n86,2.3
3n8k,90.0
4b6o,0.1
4b6p,0.074
4ciw,15.0
4kiu,140.0
2xbp,9.6
2xd9,0.35
2xda,0.6
4b6r,1.42
4b6s,0.97
2xde,3.42
3zso,7.6
3zsq,10.9
3zsx,519.0
3zsy,595.0
3zt2,1435.0
3zt3,1375.0
4ahr,6500.0
4ahs,6400.0
4ahu,5400.0
4ceb,1080.0
4cgi,752.0
4cig,214.0
4cj4,432.0
4cjp,481.0
4cjq,256.0
4cjr,793.0
4ck3,268.0
4qnb,0.26
2xef,0.000145
2xeg,2e-05
2xei,2.4e-05
2xej,0.00134
3iww,0.011
3rbu,0.00037
3sjf,0.023
4ngm,4.49e-05
4ngn,0.028100000000000003
4ngp,0.01097
4oc0,0.318
4oc1,0.254
4oc2,0.0053
4oc3,0.0053
4oc5,0.085
2xg9,70.0
2xn3,1.198
2xn5,0.20500000000000002
2xp7,1.7
3ikd,0.179
3ikg,0.057
2xxr,0.28
2xxt,0.009000000000000001
2xxx,0.39
2y7i,2.9
2y8c,0.4
3t60,0.2
3t64,0.2
3t70,0.5
2ya6,2.0
2ya7,720.0
2ya8,1.77
2yay,0.8
2yaz,7.3
2yb0,140.0
2ydt,3.0
2ydw,0.046
2yek,0.0613
4mr6,0.251
4qev,0.022
4qew,0.08600000000000001
4uyf,0.025
6k04,0.0091
2yel,0.0525
3p5o,0.055200000000000006
3u5j,2.46
3u5l,0.64
3zyu,0.1
4cfl,1.33
4lyw,0.23700000000000002
4lzr,20.0
4lzs,16.0
4mr3,1.1420000000000001
4nuc,0.91
4nue,0.15
4ogj,0.164
4qb3,3.4
4wiv,0.55
4xya,1.37
4z93,0.0446
5acy,0.0064
5cp5,1.234
5cqt,0.124
5cy9,0.218
5d0c,2.34
5d24,5.8
5d25,0.5
5d26,0.81
5d3h,7.9
5d3j,5.7
5d3l,0.88
5d3n,9.2
5d3p,7.4
5d3t,12.0
5dlx,2.0
5dw2,1.44
5dx4,0.137
5egu,1.4
5eis,1.8
5f5z,0.08600000000000001
5f60,0.043000000000000003
5f61,0.035
5f62,0.0068
5f63,0.012
5i80,0.062
5i88,0.25
5khm,0.005
5u28,0.067
5ueu,0.0167
5uez,0.97
5uf0,160.0
5ula,0.077
5uoo,0.0014
5y8y,0.082
5y94,0.164
6c7q,0.0007
6ckr,0.05
6cks,0.015
6e4a,0.044
6fo5,0.19
6q3z,0.044
6q3y,0.054
6mh7,1.8
6mh1,1.2
6fsy,0.247
6dl2,0.033
6ajz,46.0
6ajy,5.3
5yqx,0.11
5wmg,0.0060999999999999995
5wa5,0.192
6ajv,9.1
2yfa,8.5
2yhw,2.5
2ylc,0.013000000000000001
2ypo,21.0
3pfp,0.36
5e2l,93.0
2yxj,0.0005
3qkd,0.004200000000000001
3spf,138.0
3zk6,0.46
3zln,0.0034
3zlr,0.00055
4c52,2.1
4c5d,4.0
2yz3,0.22
2z94,1.4
2za0,0.23
4kyh,1.2
4kyk,18.0
4pv5,0.29
2zcq,0.0015
2zcr,0.135
2zcs,0.006
2zy1,0.04
3acw,17.5
3acx,2.0
3tfn,0.27
3tfp,0.34
3vje,0.0097
4e9u,1.5
4ea2,0.36
2zjw,0.02
3bqc,1.85
3h30,29.2
3owj,0.86
3pe1,0.000223
3pe2,0.000175
5cqu,0.29
5cs6,630.0
5csp,58.0
5cu4,0.32
5h8e,6.3299999999999995e-06
5h8g,4.82e-05
5mo8,1.64
5mod,300.0
5oqu,244.0
5orh,41.0
5orj,17.0
5ork,234.0
5os7,205.0
5os8,105.0
5osl,375.0
5otr,12.0
5otz,6.5
5owl,1.2
6hoq,0.41
2zkj,3.3
2zwz,0.016300000000000002
2zx6,2.51e-05
2zx7,3.2200000000000003e-05
2zx8,0.0002314
2zxd,6.0
2zxg,0.0015
2zym,0.73
3a1c,100.0
3a1d,75.0
3a1e,2200.0
3a5y,0.011
3a6t,0.052000000000000005
3a9i,70.7
3aaq,500.0
3acl,0.6
6n0j,4.3
6n0k,8.6
3ag9,0.009000000000000001
3bwj,0.319
3agl,0.016
5izf,0.00017999999999999998
5izj,3e-06
3ahn,0.0901
3aho,0.0889
3ai8,154.4
3alt,1190.0
3ao4,8500.0
3ao5,5900.0
3ovn,2800.0
5wlo,1.5e-05
6b4n,2.7899999999999997e-05
3ap4,120.0
5t7s,79.0
3aqt,0.19
3arp,0.07
3arq,0.4
3arw,0.7
3arx,4.7
3axz,372.0
3b2q,28.0
3b4p,4.0
3juo,8.55
3jup,2.63
3b7j,6.8
3cf8,12.7
3ed0,0.45
3bbb,0.1
3bbf,5.2
3bex,2.7
3bpc,16.0
3brn,0.002
3bu1,0.0070999999999999995
3bxe,3.34
3bxf,2.87
3bxg,10.98
3bxh,94.34
3c2f,10100.0
3c2o,450.0
3c2r,780.0
3c2u,1250.0
3c39,109.0
3c4h,2.0
3fhb,2.0
3c52,0.05
3c56,0.013
3c88,0.157
3c89,0.845
3c8a,0.66
3c8b,0.786
3qw5,0.358
3cct,0.0274
3ccw,0.0135
3ccz,0.0517
3cd0,0.0269
3cd5,0.0127
3cd7,0.0143
3cda,0.0263
3cdb,0.09570000000000001
3ckb,1040.0
3cke,0.8
3ckz,0.0019
3cl0,0.0848
3cow,0.125
3coy,0.96
3coz,2.7
3imc,1100.0
3ime,1000.0
3iob,380.0
3ioc,210.0
3iod,80.0
3ioe,540.0
3isj,210.0
3iub,29.0
3iue,1.5
3ivc,75.0
3ivg,50.0
3ivx,1.8
4ddh,500.0
4ddk,5100.0
4ddm,3500.0
4de5,700.0
4ef6,1200.0
4efk,3200.0
4fzj,700.0
4g5f,900.0
3ctt,0.45
3l4u,0.03
3l4v,0.19
3l4w,1.0
3l4x,0.13
3l4y,0.1
3l4z,0.19
3cyz,0.06
3cz1,0.055
3d78,0.023
3czv,0.016
4hu1,0.029
4knm,0.01
4knn,0.0167
4qjx,0.052000000000000005
6g5u,0.395
3d0e,0.004
3djo,40.8
3djp,63.2
3djq,1046.4
3djv,27.9
3djx,1557.9
3dln,0.249
3dp4,0.043000000000000003
3rt8,0.451
4f39,1.98
3dp9,0.000208
3drf,0.1
3drg,0.1
3dri,37.7
3dsz,0.0171
3tf6,0.4
3dzt,0.060200000000000004
3e3c,2.4
3e5u,1.4
3ebh,0.4782
3ebi,0.079
3q44,0.49
3t8v,0.26
4k5p,345.0
4r5t,0.8
4zw5,37.0
4zw6,1.9
4zw7,19.0
4zw8,1.1
4zx3,0.065
4zx4,0.078
6eed,0.812
3ebl,0.5
3ebo,19.01
3ebp,1.24
3eeb,1.3
3fzy,0.18
3eqr,0.002
3evd,0.124
3ewc,0.02
3f33,460.0
3f34,690.0
3f37,2400.0
3u90,24.0
3f3c,0.9500000000000001
3f3d,0.069
3f3e,0.02
3f48,0.512
4mme,0.318
3f5j,52.0
3f5k,24.0
3f5l,191.0
4qlk,570.0
4qll,420.0
3f6e,4140.0
3fzn,97.0
3f6g,19.0
3f70,14.0
3f80,60.0
3kv2,0.04751
3lp4,13.1
3lp7,3.6
3mfv,3000.0
3mfw,300.0
3mjl,3600.0
3f8c,0.021
3f8f,0.23600000000000002
4zzd,0.25
3fas,0.171
3fat,0.0228
3fed,0.0346
3fee,0.23
3ff3,270.0
3fj7,195.0
3fjg,187.0
3fqe,0.005
4fl1,520.0
4fl2,220.0
3fql,0.07100000000000001
3fuz,0.29
3fv1,0.0005
3fv2,0.0077
3fvk,0.0015
3fvn,0.169
3fv3,0.0003
3fvh,0.447
4e67,0.33
4o6w,0.003
4o9w,0.06991
3g0e,0.02
3g0i,250.0
3g19,0.214
3g2y,10000.0
3g2z,4400.0
3g30,3100.0
3g31,1300.0
3g32,194.0
3g34,1100.0
3g35,21.0
4de0,1.3
4de1,1.1
4de2,76.0
3g3r,0.33
3g5k,0.0003
3ga5,3.2
3gbe,10.0
3gdt,0.064
3gk1,80.0
5dkn,202.6
5er4,1752.0
3gnw,0.00079
3hky,0.08
3gvu,0.01
3gx0,330.0
3h78,57.0
3h89,0.023
3h8b,0.511
3hcm,500.0
3hf8,0.31
3hfb,0.03
3hig,0.013000000000000001
3hit,0.0064
3hkw,0.0023
3su4,0.554
3hl8,32.0
3hp9,26.0
3hmo,0.0305
3hmp,3.24
5mrb,0.47100000000000003
5n84,0.011
5n93,0.0022
3hu3,0.13
4ko8,0.07
3hv8,0.1042
3hvi,0.005
3hvj,0.002
3oe4,0.034
3oe5,0.132
3ozr,7.022
3ozs,4.6450000000000005
3ozt,74.9
3u81,36.0
5k03,18.0
3hww,0.075
3i4y,0.09
3i51,0.02
3i73,3.23
3iae,130.0
3ies,0.00011999999999999999
3ifl,0.008400000000000001
3ip5,0.6
3ip6,0.25
3ip9,2.4
3ip8,5200.0
3iss,0.9
3jdw,253.0
3jrs,52.0
3jrx,0.001
3juk,12.9
3jyr,2.9
3jzh,400.0
5k0m,0.0015
5ttw,1.1
3jzj,248.0
3k00,1.7
3k02,10.0
3k1j,0.4
3k37,0.0012
3k4d,7.75
3k4q,4.6
3k5v,0.5
3ms9,6.0
3mss,22.0
6hd6,2.0
3k5x,0.39
3k8c,1200.0
3kiv,20.0
3kjd,0.0029
4zzx,0.125
4zzy,2.5
3kku,2.0
3kr4,0.025
4k3n,0.011
4r76,0.014
3kr8,0.008
4iue,0.28
4j21,0.039
4j22,0.018000000000000002
4j3l,0.016
4kzq,0.788
4kzu,0.313
3kyq,60.0
3ldp,2.41
5evz,0.27
5exw,0.15
5ey4,750.0
5f1x,0.78
5f2r,52.0
3lmk,1.16
3lpl,2.39
3lq2,5.97
3lpp,0.6
3lvw,2120.0
3lxk,0.00016
5lwm,0.00134
6gl9,0.135
6gla,0.027
6glb,0.129
3lzs,1.09e-05
3lzu,8.7e-05
3lzz,146.0
3m3c,86.21
3m6r,0.032
3pn4,0.14
3m8u,12.9
3mdz,0.0008
3ml5,0.003
6h36,0.00045000000000000004
6h37,0.0026000000000000003
6h38,0.0078
3mi2,0.017
3mi3,3.56
3miy,0.021
3qgw,1.3
3qgy,0.016
4m0y,0.35
4m12,0.9
4m13,0.2
4m14,0.2
4qd6,0.0023
4rfm,8.999999999999999e-05
3mz6,0.063
5vi6,0.003
3n1c,6.0
3n9r,0.07
3n9s,5.5
3ng4,3.7
3nw3,0.32
3o4k,0.024
3uil,1.0
3umq,24.1
3usx,9.53
4fnn,0.0272
3nhi,0.0037
3nht,0.098
3nik,358.8
3nim,17.7
3npc,0.0046
3nsn,0.065
3ozp,0.24
3s6t,0.045
3vtr,2.714
3wmc,0.31
3nyd,330.0
4bs0,2.0
3nyx,0.032
4gfo,0.24
4gih,0.0048
4gii,0.0018000000000000002
4gj2,0.0025
4gj3,0.0014
4wov,0.07200000000000001
5wal,0.0017
3nzk,0.00054
3o5n,17.2
3o5x,5.2
5ehr,0.073
3o75,0.209
3o7u,0.052000000000000005
3o99,1.4999999999999999e-05
3o9a,1.9999999999999998e-05
3o9d,1.8999999999999998e-05
3o9e,4.9999999999999996e-06
4djo,3e-06
4djp,2.8e-05
4djq,4.8e-05
4djr,3e-06
3o9p,0.3
3ocp,0.027
4z07,0.0103
3ocz,0.035
3ouj,0.9
3oy8,220.0
3oyw,78.0
3ozg,0.0006500000000000001
3p2e,0.6
3p7i,0.019899999999999998
3p8n,0.0005300000000000001
3p8o,0.00189
3p8p,28.0
6szp,18.0
3p8z,0.82
3pb7,1.817
3pb8,5.748
3pb9,0.262
3pgl,5.0
3pgu,0.2
3pju,13.1
3pn1,0.11
3ppm,0.00029
3ppp,6.0
3ppq,28.0
3ppr,1500.0
3q1x,4.7
3q2j,66.1
3q6z,192.0
3q71,6.0
4f1l,7.6
5o2d,2.1
3q7q,2.2560000000000002
3qbc,10.8
3qfy,0.75
3qfz,570.0
3qox,0.27
3sr4,0.29
4ek9,38.0
3qps,2.5
3qqa,1.5
3qqs,1.5
3r88,15.0
3twp,119.0
3uu1,6.3
4gkm,6.8
4ij1,4.0
4m0r,6.2
4n8q,380.0
4owm,1090.0
4owv,45.0
3qt6,4.3
3qx9,90.0
3r1v,0.12
3r5t,0.00265
3r6u,30.5
3re4,0.04
3rf4,0.56
3rf5,2.37
3rm4,1.69
3rm9,17.0
3rv8,12.0
3veh,11.0
3rwp,0.0006
4rqk,1.5
4rqv,9.0
5lvl,1.25
3s0b,0.32
3s0d,0.09
3s0e,0.28
3s45,0.0032400000000000003
3s54,0.00023
4kb9,1e-05
6otg,0.0314
3s5y,0.0391
6ibk,509.0
3s9e,7.43
3u92,0.032799999999999996
3u93,0.494
4g8n,0.063
4nwc,1.74
5o4f,0.20800000000000002
6f28,2.15
3sfg,0.865
3sk2,244.0
3slz,0.10200000000000001
3sm2,0.0002
3str,0.00396
3sw8,31.72
3su0,0.162
3su1,0.20800000000000002
3su2,0.0448
3su3,0.00074
3su5,2.6350000000000002
3su6,0.9580000000000001
3sue,0.00084
3suf,0.027800000000000002
3sug,0.62
3sur,70.0
3sus,71.0
3sut,0.014
3suu,0.003
3suv,28.0
3suw,20.0
3sxf,0.0025
3t3u,0.0025
3v51,0.0028
3v5p,0.0011
3v5t,0.006
3t01,33.0
3t2w,0.035
3t6b,0.44
3ta0,338.0
3ta1,568.0
3tao,7.28
3tay,420.0
3tb6,8.4
3tcg,1.36
3td4,2.2
3tfu,520.0
3th9,0.02
3vfa,0.0006500000000000001
4i8w,1.2699999999999999e-05
4i8z,8.9e-06
4mc1,0.014
4mc2,0.0064
4mc6,0.00026000000000000003
4mc9,0.00035999999999999997
4nyf,0.049
4qgi,125.0
3tif,4.2
3tk2,24.0
4jpx,7.0
4jpy,37.0
3tmk,0.135
3ttm,0.003
3tz0,9.2
4dzy,2.4
4h7q,8.8
4h81,7.5
4h85,7.0
3tzm,0.017
3u10,3.6
3ubd,2.9
4gue,5.8
3ucj,1.0
3udd,0.079
3ui7,0.001
3uuo,0.011
4dff,0.035
4hf4,0.0024
4lkq,450.0
4llj,380.0
4llk,990.0
4llp,16.0
4llx,1300.0
4lm0,560.0
4lm1,590.0
4lm2,940.0
4lm3,1200.0
4lm4,910.0
4mrw,500.0
4mrz,300.0
4msa,500.0
4msc,1.1
4msn,94.0
4zo5,0.00015
5c1w,8.7
5c28,2.2
5c2a,0.0048
5c2h,8.2e-06
5dh4,0.058
5dh5,0.00023
3uj9,23.4
3ujc,26.0
3ujd,20.2
3upk,50.0
3v4t,77.0
3uug,31.0
3uxk,11.7
3uxl,2.7
4fp1,27.0
4m6u,1800.0
3v2n,0.8
3v2p,0.44
3v2q,0.51
3v3q,0.25
3v78,2.9
3vjc,0.0189
3vvy,14.6
3vw1,21.2
3vw2,17.9
3vx3,0.015
3w37,6.68
3w5n,135.0
3w9k,0.48
3w9r,0.66
3wgg,39.9
3wvm,1.95
4tjz,1.07
4tkb,2.56
4tkh,1.84
4tkj,0.913
5hz9,0.093
3zhx,0.21
3zi0,0.04
3zi8,2.2
3zj6,0.22
3zll,0.395
4arw,0.074
4asj,0.028
3zm9,0.038
4br3,1.9
4cg8,0.11
4cg9,0.62
4cga,0.4
4da5,0.36
5afv,2.6
5eqe,132.0
5eqp,4.0
5eqy,0.01
5ftg,0.7
5fut,0.352
3znr,0.036000000000000004
3zns,0.039
3zq9,0.95
4a6l,0.01
4a95,1.73
5g1z,4.74
4aci,6000.0
4ad2,0.625
4ad3,24.0
4v27,0.217
5lyr,0.013
5m17,221.0
5m5d,111.0
6hmg,11.5
4ad6,16.7
4afg,0.005
4b5d,0.0128
4aj4,130.0
4aje,210.0
4aji,280.0
4ajl,160.0
4aq4,0.68
4aq6,15.8
4aqh,0.29
4axd,37.0
4ayp,0.755
4ayq,0.047
5meh,0.481
5ne5,0.039
4az5,1.02
4az6,0.0008
4azb,0.05769
4azc,1.38
4azg,0.07905
4azi,0.03556
4b0b,470.0
4cl6,4.05
4b1j,0.05
4b2i,1000.0
4b2l,570.0
4b32,460.0
4b33,430.0
4b34,730.0
4b35,1300.0
4b3b,250.0
4b3c,2100.0
4b3d,2100.0
5fot,680.0
5fou,113.0
5fov,1590.0
5fox,675.0
5fpk,280.0
4b5s,320.0
4b5t,470.0
4b5w,470.0
4b7j,0.0111
4b7r,0.00023
4b8y,0.009000000000000001
4b9z,81.4
4bb9,1.0
4ly9,0.007
4bc5,25.0
4bcs,0.10300000000000001
4bi6,113.3
4bi7,26.4
4bj8,0.00513
4bny,0.08
4bps,1020.0
4bqh,2.58
4bqs,62.0
4bt3,760.0
4bt4,460.0
4bt5,1720.0
4btk,0.24
4bup,11.2
4buq,0.0073
4c1y,251.0
4c9x,0.048
5ant,0.44
5anu,0.0004
5anv,0.0005
5fsn,1.7
5fso,0.81
6f20,49.5
6eq7,0.1
6eq5,18.0
6eq3,0.7
6eq2,1.3
4cc5,38.0
4cd4,0.263
4cd5,0.194
4cpy,0.49135
4cpz,0.02085
4cr5,70.0
4cr9,80.0
4cra,0.06
4crb,0.027
4crc,0.0019
4crf,0.0005
4ty6,0.03
4ty7,0.0003
4x6m,0.0058
4x6n,0.0015
4x6o,0.0019
4y8x,0.0037
5e2o,0.002
5e2p,0.0016
5exl,0.0037
5exm,0.0063
5exn,0.023
6c0s,0.089
5qtt,0.0034
5qqp,0.0053
4cs9,8000.0
4cu7,0.026000000000000002
4cu8,33.9
4czs,10.0
4d1j,0.485
4d3h,0.37
4d4d,1.1
5m77,0.0247
5n0f,0.9
4d8z,0.51
4daf,0.076
4db7,0.273
4nl1,130.0
4dcs,8.0
4del,0.0211
4dhl,33.0
4dsy,37.0
6of5,4.5
4dko,0.3
4dkp,1.9
4dkq,0.25
4dkr,0.3
4i54,0.11
4dmw,11.4
4do4,0.051000000000000004
4do5,1.48
4dst,1100.0
4dsu,1500.0
4e1k,0.5
4e4l,0.0017
4e4n,0.0009000000000000001
4e5w,0.022
4ehz,0.01
4ei4,0.0018000000000000002
4fk6,0.0002
4i5c,0.0015
4ivb,0.0019
4ivc,0.0001
4ivd,0.0003
4k77,0.23500000000000001
6n7d,0.0003
6n7b,0.0006
6n7a,0.0043
6n79,0.00021
6n78,0.00021
4e6d,0.0012
4e6q,0.0044
4f09,0.2
4gfm,0.06
4hge,0.0119
4iva,0.0684
4jia,0.0006
4ytc,0.013
4yth,0.002
5l3a,13.0
5ut6,57.3
5win,0.094
5wij,0.488
4e70,5.26
4elf,0.0094
4elg,0.006900000000000001
4elh,0.008199999999999999
4emf,0.0839
4emr,0.032100000000000004
4zt8,41.0
5cso,0.9400000000000001
5cst,0.11
4en4,3.0
4eoh,50.0
4epy,340.0
6fa4,0.051
6quv,1000.0
6gj8,1.36
6gj6,20.0
4erf,0.0004
4hbm,0.012
4mdn,0.6
4wt2,3.7999999999999995e-05
4zgk,3.1
4zyf,0.0023
4etz,0.5
4eu0,0.4
4euo,9.0
4ewn,0.2
4exs,39.0
6mdu,56.0
6efj,477.0
6d1k,741.3
6d1i,81.0
6d1j,56.2
6d1h,190.2
6d1g,34.2
6d1d,33.8
6d1b,123.7
6d1a,44.3
4ezx,1.6
4ezz,6.4
4jne,1.38
4f0c,0.54
4f5y,3.7
4ksy,0.00379
4loh,0.11
4loi,0.17
4qxo,3.12
4f9u,0.9440000000000001
4fai,0.1013
4fev,3.8
4few,6.2
4gkh,21.5
4gki,34.4
4ffs,3.6e-05
4wkn,0.00019
4wko,0.00034
4wkp,0.00028000000000000003
4ynb,4.2999999999999995e-05
4yo8,3e-05
6dyy,2.8e-05
6dyw,3.6e-05
6dyv,2.6e-05
6dyu,5.5e-05
4fht,0.67
4flp,0.1901
4kcx,37.0
4fxp,80.4
4fxq,1.7
4fz3,184.3
4g0p,980.0
4g0q,3000.0
4g0y,4990.0
4g0z,6130.0
4g4p,0.13
4gah,0.8
4gbd,4.8e-06
4ge1,0.37
4ggz,6.6e-05
4gq4,0.022
4og3,0.28500000000000003
4og4,0.9520000000000001
4x5y,0.009300000000000001
4x5z,0.023600000000000003
4gu6,0.044
4gu9,43.0
4k9y,0.111
4kao,0.77
4gzp,0.0143
4gzt,0.017
4gzw,30.0
4gzx,645.0
4hp0,0.76
4hpi,14.2
4tun,3.87
4ht2,0.29
4kp5,0.833
4kp8,3.33
4qj0,0.048
4qjw,0.016
5llo,0.0004
5llp,0.00058
5msb,0.035
6g7a,0.167
6g5l,0.024
4hw3,0.32
4zbf,0.074
4zbi,0.31
5vkc,0.0018000000000000002
6b4l,0.34
6b4u,0.021
6fs0,0.00017
6fs1,0.098
6qz5,0.83
6oqd,0.00014000000000000001
6oqc,4e-05
6oqb,5e-05
6ne5,3e-05
6ud2,6.2e-05
6udi,0.0001
6udt,0.0001
6udu,0.0005
6udv,5.1e-05
4hwo,0.0029
4hwp,0.0172
4hws,0.0008
4hy1,0.002
4hym,0.006
4hzm,23.2
4i71,0.018000000000000002
4i72,0.0009000000000000001
4i74,0.19
4i8x,2300.0
4i9h,0.068
4i9u,137.0
4ibb,270.7
4ibc,1049.0
4ibd,214.6
4ibe,70.6
4ibf,36.8
4ibg,108.0
4ibi,73.0
4ibj,47.0
4ibk,50.4
4idn,5.77
4ido,11.63
4ih3,15.2
4iic,14.0
4iid,2.4
4iie,4600.0
4iif,6.6
4in9,10.7
4io2,0.2
4io3,0.87
4io4,24.5
4io5,9.27
4io6,15.1
4io7,211.0
4ipi,4.8
4ipj,13.5
4ipn,408.7
4iuo,230.0
4j7d,20.0
4j7e,14.0
4j93,20.0
4jal,25.0
4je7,0.395
4je8,6.1000000000000005
4jfk,0.36
4jfm,3.3
4w9o,0.017
4w9p,0.016
5dit,0.7
4jkw,69.9
4k55,3.06
4n7u,0.51
4jwk,0.00479
4jx9,0.0024
4jyb,0.11
4jyc,0.2
4jym,9.05
4k0o,1000.0
4k7i,1500.0
4k7n,330.0
4k7o,50.0
4mmm,150.0
4keq,150.0
4kif,14.6
4km0,0.91
4km2,1.43
4kmz,0.0027
4kn0,0.04
4kn1,0.14400000000000002
4kow,49.3
4kqp,0.9
4ks1,0.0015
4ks4,0.07200000000000001
4kwf,15.0
4kwg,1.0
4kx8,0.074
4kxb,75.0
4kxn,0.8
4p5d,1.5
4l4z,2.1
4l50,0.88
4l51,995.0
4l9i,13.0
4lhm,410.0
4lhv,0.0001
4lj5,0.51
4lj8,1.5
4lps,1.8
4lrr,6.0
4luz,20.0
4o0a,0.19
4r4c,2.9
4r4i,0.54
4r4o,1.5
4r4t,0.55
5e7n,0.81
4lvt,4.4e-05
4lxd,0.059000000000000004
6gl8,0.0024700000000000004
4lxz,0.182
4ly1,0.0552
5iwg,0.346
5ix0,0.519
4m0e,0.6
4m0f,0.0017
4m3p,4.0
6rtw,0.37
4mhy,0.342
4mhz,0.134
4mjp,131.0
4n9a,64.0
4mn3,1.77
4mnp,0.0455
4mo4,60.0
4mpn,0.23900000000000002
5j6a,0.017
4mq6,0.34
4muf,0.46
4mul,0.61
4mre,6400.0
4mrg,1100.0
4np2,5500.0
4np3,500.0
4mss,0.4
4muv,1.731
4myd,28.0
4n5d,607.0
4n6g,3.4
4n7m,3.4
4nbk,136.0
4nbl,0.47
4nbn,44.0
4ncn,2.12
4ndu,1800.0
4nja,0.6
4nkt,1.08
4nku,21.3
4nnr,0.055
4non,5.71
4np9,9.4
4nra,65.0
4rvr,0.136
5e73,23.0
5e74,39.0
5mge,87.0
5mgf,54.0
6fhq,3400.0
4nvp,0.027
4nxu,2.9
4nxv,3.8
4o3f,2.78
4o61,50.0
4oct,9.0
4oag,0.5
4oak,59.7
4ocq,24.7
4oeu,0.022
4oiv,8.29
4oks,33.0
4oma,68.0
4omc,1.67e-05
4ryd,5.5e-06
6eqv,0.23800000000000002
6eqw,2.24e-05
6eqx,3.37e-05
6hzb,0.0010500000000000002
6hza,0.000504
4omj,5.44
4omk,40.1
4or4,26.8
4or6,4.9
4ou3,38.7
4ozj,4.0
4p3h,1.0
4p58,25.0
4p5z,0.039299999999999995
4p6c,100.0
4pb2,16.0
4pf5,3.3
4pft,0.0023
4pfu,0.67
4pin,4.0
6fnq,26.0
6fnr,2.6
4pmm,0.027
6pl1,0.0222
4pop,0.00744
4pow,0.5
4pox,3.7
4pp0,39.9
5ito,68.9
5itp,9.9
5ot8,63.8
5ot9,84.4
5ota,1.8
5otc,19.3
4pqa,2.8
4psb,23.0
4pzv,2.0
4q0k,13.4
4q19,0.0089
4q3t,0.33
4q3u,0.36
4q46,169.0
4q93,22.3
4q9o,1.7
4qdk,1.4
4qfl,7.7
4qfn,76.0
4qfo,53.4
4qfp,58.6
4qge,0.0005
4qij,2.9
4ql1,0.093
5m23,0.00125
5m25,0.006500000000000001
5sxm,0.0029
6d9x,323.0
6dai,85.2
6dak,7.21
6dar,0.219
6pge,240.0
6pgc,4.5
6pgb,25.0
6pga,28.9
6pg9,12.0
6pg8,140.0
6pg7,22.0
6pg6,200.0
6pg5,11.0
6pg4,260.0
6pg3,480.0
6e23,0.0001
6e22,0.0013000000000000002
6e1z,150.0
6e1y,0.022
6dy7,66.2
6u5y,0.069
6u6w,4.71
6u8b,0.431
6u8o,0.289
4qpd,0.015
4qrh,7.0
4qyy,0.05
6cpw,0.0056
4r0a,55.0
5wyx,0.22
5wyz,0.021
4r73,0.023
4r74,0.008
4r75,0.057
4ra1,1.16
4zeb,0.3
4zec,1.5
4zei,1.33
4zek,2.2
4rd0,0.24
4rd3,0.34
4rd6,0.52
4rdn,1.2
4re2,10.4
4re4,0.135
4rfr,0.29
4rhx,1.6
4rpn,0.11
4rpo,0.0228
4rr6,1.0
4rra,13.4
4rrf,239.2
4rrg,1538.5
4rwj,0.002
5am6,0.185
5am7,0.0645
4rww,1.4
4tmk,0.02
5tmp,0.034
4tpw,20.5
4tqn,0.77
4yk0,181.0
5dbm,0.35
5eng,1.4
5ep7,4.0
5h85,20.0
5i8g,0.03
5j0d,0.134
5mme,1.4
5mmg,0.97
5mpk,0.003
5mpn,0.085
5mpz,85.0
5mqe,4.0
5nlk,0.035
5tb6,1.53
4trc,30.0
4u0f,1.2
4u0w,1000.0
4u1b,4.9
4u69,54.8
4u6c,9.9
4u6w,61.3
4u6z,3.9
4u70,9.5
4u71,6.0
4u73,6.6
4u43,48.0
4u54,8700.0
4u5n,3300.0
4u5o,3800.0
4u5s,3900.0
4ua8,0.55
4uac,0.28800000000000003
4ual,0.004
4uc5,3.3
4uma,3.9
4umb,99.0
4umc,360.0
4ucc,48.0
4ufh,0.38
4ufi,0.63
4ufj,52.0
4ufk,130.0
4ufl,2300.0
4ufm,190.0
4uof,14.6
4uoh,17.0
4us3,4.8
4uye,0.00954
5eq1,21.0
5etb,29.0
5mwh,1.8
5o5a,17.0
5ov8,18.0
6ekq,3.5
4v24,0.0043
4w97,0.08
4wk1,1.3
4wkb,2.7e-06
4x24,0.000166
4wn5,0.039
4wop,17.2
6cvf,0.45
6cvv,75.0
6czb,47.0
6czc,16.5
6cze,93.0
4wrb,0.65
5hvs,0.071
5hvt,0.055
5j7q,26.6
6b1k,0.213
6cbf,6.8
6cbg,113.0
4x8o,0.25
4xaq,0.0717
4xas,0.26
4xar,0.107
4xmb,0.044
5x54,10.0
4xmr,86.0
4xoc,0.003
4xtv,0.00054
4xtw,0.000933
4xtx,2.7e-05
4xty,0.000614
4xtz,0.000153
4xu0,0.000769
4xu1,0.000324
4xu2,0.000592
4xu3,0.000315
4xxh,10.0
4xy8,0.397
5eu1,0.0154
5f1h,0.0141
5f25,9.1
5f2p,37.5
5i7x,0.053
5i7y,0.052000000000000005
5igm,0.0417
5ji8,23.4
4y0a,4950.0
4y2q,1200.0
6i5g,13.03
4yb5,19.3
4yc0,74.0
4ygf,0.021
4yha,0.225
5tt3,0.193
5tuo,0.323
4ykj,37.0
4ykk,1700.0
4ymg,21.0
4ymh,0.35
4ymq,1.6
5ufr,0.002
6cn5,0.02
6j1l,0.38
4ymx,0.079
4yrd,27.0
4ysl,1.6
4yzu,9.0
4z0k,0.462
4zae,0.0036000000000000003
5egm,0.0024
4z2b,0.0175
4zb6,0.53
4zb8,0.94
4zba,3.09
4zcs,47.0
4zji,0.34
5dey,0.0037
5dfp,0.022
5ime,0.0046
4zl4,0.013800000000000002
4zme,50.0
4zow,75.0
5a6k,1.1300000000000001
5a6x,0.202
5aan,71.0
5fyx,69.6
6epa,1.13
5ad1,0.058
5tcy,0.022
5ahw,6.82
5aqz,3.3
5mkr,17.0
5mks,17.0
6fhk,0.03115
5aut,6.7
5ave,3.6
5avf,3.2
5azf,36.1
5b25,5.800000000000001e-05
5b2d,56.0
5btv,140.0
5bv3,0.068
5bw4,68.0
5c1m,1.6e-05
5c2o,28.2
5c3p,34.4
5c5t,746.0
5cbm,0.017
5cep,0.145
5ceq,0.042
5vo1,0.007
5cjf,0.00026000000000000003
5cks,3.1
5cp9,310.0
5cs3,7000.0
5ct2,1200.0
5d0r,0.43
5d1r,14.4
5d2r,1.5
5d3x,0.44
5dnu,77.6
5dq8,73.0
5dqe,234.0
5dqf,253.0
5dus,2.95
5duw,510.0
5dxt,0.0002
6gvf,0.028
5e1s,0.012
5e6o,76.9
5edl,0.0045000000000000005
5eei,0.0006
5eek,0.0008
5een,0.0011
5ef7,0.001
5efh,0.8
5efj,0.35000000000000003
6csp,0.003
6csq,0.41000000000000003
6csr,0.14400000000000002
6css,0.025
5efa,14.7
5efc,14.1
5el9,0.023
5elw,0.014
5epl,0.094
5epn,0.0022
5ew0,0.26
5ewk,14.0
5ewy,50.0
5ey0,2260.0
5eyr,5.0
5f08,3.0
5f0f,1.0
5j1r,22.0
5j3l,16.0
5f1r,1.0
5f1v,0.14
5f2u,0.0037
5x74,0.0023
5f8y,57.0
5fbi,1600.0
5fck,0.006
6ftz,1000.0
6fuh,170.0
6fui,35.0
6fuj,50.0
5fe6,6910.0
5fe7,488.0
5fe9,20.98
5lvq,73.0
5lvr,250.0
6j3o,2.4
5fh7,0.137
5fh8,0.17
5hrv,5.1
5hrw,3.3
5hrx,5.1
5ii2,12.9
5fl4,0.101
5fl5,0.0064
5fl6,0.0436
6fe0,0.33
6fe1,0.0033
6g98,0.71
6g9u,0.37
5fnr,59.0
5fns,4.0
5fnt,0.67
5fnu,0.0013
6qmk,0.035
6qmj,0.044
5fog,213.0
5fol,215.0
5fsc,4400.0
5fsx,1900.0
5fsy,1.3
5g17,0.2
5g1a,0.27
5g2b,0.1
5g57,0.00398
5g5v,0.199
5l8c,0.1
5l8y,0.398
6rfw,0.316
6rfn,0.1995
6gxq,0.07940000000000001
5g5f,5.2
5kej,7.8
5g5z,2.2
5g60,0.3
5g61,0.4
5gj9,10.2
5gja,2.8
5gmh,0.49
5gof,90.1
5gs9,5.5
5h1t,160.0
5h1u,310.0
5h1v,100.0
5h5f,37.2
5ha1,0.06409999999999999
5hbs,0.0185
6e6m,1.7865
6e5t,0.28500000000000003
6e5l,0.06670000000000001
5hbn,12.9
5hi7,0.014
5his,19.6
5hjq,19.0
5htl,0.5
5hva,0.086
5hwu,5.35
5hwv,8.5
5hz5,0.086
5i1q,0.012
5i29,0.015
5mg2,0.017
5i2e,0.23
5i2f,0.32
5ipc,13.0
5kly,0.061
5kma,19.6
5wa8,0.587
5wa9,0.175
6n3y,3.65
6n3x,8.09
6n3w,1.56
6n3v,2.45
5i3a,9.0
5i9x,0.03
5i9y,0.0028
5i9z,0.009000000000000001
5ia0,0.187
5ia1,0.53
5ia2,0.019
5ia3,0.046
5ia4,0.052000000000000005
5ia5,0.025
5njz,0.016
5nk2,0.182
5nk3,0.038
5nk4,0.002
5nk6,0.158
5nk7,0.468
5nk8,0.229
5nk9,0.724
5nka,3.5
5nkb,0.00076
5nkc,0.019
5nkd,0.026000000000000002
5nkg,0.021
5nkh,0.026000000000000002
5nki,0.019
6fnf,0.013000000000000001
6fng,0.073
5ih9,0.002
5ijr,637.0
5iyy,17.0
5j1x,3.0
5jgi,50.0
5jgq,24.0
5jhk,23.0
6fmc,1.32
5ikb,0.0019
5ioz,11.0
5irr,5.4
5ivc,1.2
5ive,0.027
5ivv,0.45
5ivy,0.36
6dq4,12.0
5j7w,13.0
5jhb,0.873
5jox,35.0
5jsg,14.2
5jsj,4.0
6qpl,0.091
6i8y,0.18
5jsq,21.3
5k1d,20.8
5k1f,16.2
5k8s,0.006
5kat,78.7
5kcb,0.99
5kax,0.78
5kbe,0.46
5kh3,60.0
6ce6,8.0
6ced,1.5
5km9,55.9
5ko1,0.23
5ko5,27.0
5kqx,0.0036000000000000003
5kqy,0.00051
5kr0,0.00071
5kr1,0.00032
5kr2,0.0033
5kva,7.32
5l2s,0.083
5l8a,12.3
5l9o,4.0
5lom,0.0741
5ld8,0.009000000000000001
5ldm,139.0
5ldp,67.0
5lne,17.43
5lsh,410.0
5lso,1.4
5ltn,5.38
5lud,248.0
5t9u,0.025
5t9w,2.6
5t9z,0.064
5ta2,0.011
5ta4,0.024
6gji,135.0
6gjj,200.0
6gjl,139.0
6gjm,266.0
6gjn,0.6
6gjr,184.0
5lz4,2.0
5lz5,0.45
5lz7,0.53
5m04,0.46
5m28,48.0
5m7s,0.0009000000000000001
5m7u,0.008
5mby,310.0
5mek,4.2
5mgj,51.0
5mgk,100.0
6fgg,17.0
6fhu,2300.0
5mlj,0.0014
6j3p,0.105
5mrm,9.3
5mro,2.0
5mrp,3.0
5mxf,260.0
5my8,0.07200000000000001
5mz8,4900.0
5n17,4.8
5n18,2.1
5n1z,0.0065
6cq1,219.0
5n9r,2.6
5ndf,1.4
5ngz,1300.0
5nn5,3.4
5nn6,3.0
5nw7,1.7
5nwe,13.200000000000001
5nz4,0.52
5nze,0.41000000000000003
5nzf,94.0
5nzn,220.0
5o58,0.191
5o9o,13.0
5o9p,8.06
5o9q,6.2
5o9r,4.09
5o9y,4.6
5oa2,9.8
5oa6,3.1
5oei,1.6
5oku,0.55
5oh2,57.0
5oh3,136.0
5oh4,28.0
5oh7,43.0
5oh9,137.0
5oha,13.0
6r1w,5.0
6r1d,4.0
6r1a,45.0
6r18,12.0
6r13,20.0
6r0v,11.0
6r11,12.0
5org,0.004
5ost,27.3
5ovr,27.2
5ovx,31.4
5oxk,6820.0
6ghj,6890.0
5qa8,170.0
5qal,350.0
5qay,590.0
5sym,0.28
5t8o,0.31
5t8p,1.28
5tef,4.0
5tkj,0.00715
5tkk,0.00529
6mqe,5.1e-06
6mqc,0.00522
5tpx,0.28
5tuz,0.04
5vsf,0.094
5twj,5.58
5uc4,0.35
5ucj,0.44
5ulp,24.3
5umx,1.1
5umy,0.108
6bbx,0.215
5uv2,39.5
5uxf,0.08700000000000001
5var,81.7
5vc3,0.0775
5vc4,0.0437
5vd2,0.0787
5vcv,0.15
5vcw,1.105
5vcy,0.27
5vcz,0.444
5vd0,0.324
5vd1,0.99
5vd3,2.817
5vja,0.26
5vr8,0.135
5vsj,95.0
5w1e,5.8
5w44,0.36
5we9,0.06
5wbm,20.0
5wbo,62.0
5wcm,100.0
5wl0,0.00067
5wp5,4.6
5x62,0.379
5xmx,0.057
5xo7,0.44
5z7j,0.25
5xpi,5.2
5yas,550.0
5yfs,13.8
5yft,10.0
5yh8,0.1678
5yhe,0.2033
5yhg,0.9522999999999999
5yj8,104.0
5yyf,0.33
5yz2,11.3
5z5f,6800.0
5z7b,13.0
5z99,0.133
5zkc,0.0064
6ayo,0.0050999999999999995
6ayq,0.006500000000000001
6ayr,0.0040999999999999995
6ays,0.0006500000000000001
6ayt,0.0014
6b5q,0.0057
6b7a,32.0
6b7b,1280.0
6chp,7.5e-05
6ckw,0.00083
6b96,0.0143
6b97,0.237
6b98,22.4
6bdy,2.04
6bm5,1.43
6bm6,20.8
6cdj,2e-06
6cdl,1.2e-05
6ixd,0.00016
6cdo,0.0010600000000000002
6cdp,0.00164
6cwh,0.029
6cwn,0.226
6d2o,5.0
6d50,9.0
6dh1,2.61e-05
6dh2,1.28e-05
6dh6,0.0001172
6dh7,0.0001313
6dh8,0.00014619999999999998
6edr,28.5
6eif,0.10400000000000001
6eij,1.68
6eiq,0.383
6eir,0.5750000000000001
6eis,0.252
6ep4,4.5
6eqp,1.1
6epy,0.347
6epz,0.072
6eq1,24.6
6eq8,0.01
6euw,0.017
6eux,1.2
6evn,19.7
6exi,9.0
6exs,362.0
6f05,34.0
6f1j,24.0
6f90,1.0
6f92,0.4
6f9g,2.0
6faa,0.179
6fba,19.9
6fni,0.006
6fnj,0.14200000000000002
6fv4,1200.0
6fyz,0.039
6g0z,4.84
6g14,3.26
6g34,0.0057
6g35,0.0175
6g36,0.016300000000000002
6g37,0.0427
6g38,0.2392
6g39,0.0046
6g3a,0.004200000000000001
6g9i,118.0
6gg4,205.0
6nu5,7.04
6nu1,31.2
6gnm,54.61
6gnp,28.41
6gnr,3.61
6gnw,10.2
6gon,2.16
6gvz,0.4
6gw4,1.2
6gwr,0.0079
6gzd,0.009800000000000001
6gzm,0.0055
6h1u,4.8
6h2t,15.2
6h8s,37.7
6hai,0.0116
6hh3,0.58
6hh5,54.2
6hke,0.021
6hlx,0.067
6hpw,0.807
6ht1,0.077
6t1i,5.5
6t1j,18.1
6t1l,17.1
6t1m,6.1
6t1n,3.5
6t1o,2.6
6hqy,0.367
6hrq,0.08170000000000001
6hsh,0.028399999999999998
6htg,0.067
6mj7,1500.0
6mjf,6.88
966c,0.023
6rot,0.48363
6rih,105.0
6plf,0.214
6r9x,1100.0
6r9u,7500.0
6r8w,1.2
6r8o,0.006
6r8l,0.67
6r4k,8.5
6r1b,3.6
6qr9,0.19
6qr7,0.07
6qr4,0.59
6qr3,0.36
6qr2,3.2
6qr1,8.5
6qr0,0.12
6qqz,0.18
6qqw,19.0
6qqv,12.0
6qqu,5.0
6qqq,6.7
6qrc,13.0
6qi4,43.0
6qe5,7.5
6qe0,25.0
6qav,0.004900000000000001
6qau,0.0329
6py0,0.386
6pvz,341.0
6poi,326.0
6pve,0.043000000000000003
6orr,0.0005
6pu3,5.85
6ppy,36.0
6pid,29.0
6pia,11.0
6pi6,2.2
6pi5,0.11
6phx,478.6
6p9e,0.0676
6p8a,255.0
6p89,9.77
6p88,30.2
6p87,25.4
6p86,20.0
6p85,10.3
6p83,0.08
6p84,15.6
6p3v,0.096
6p3t,0.048
6ouv,2.8
6ooy,22.0
6om8,6.9
6oja,0.0002
6o95,0.0050999999999999995
6o94,0.0018000000000000002
6o5x,0.022
6o5a,0.514
6o5u,42.0
6np5,27.0
6np4,36.0
6np3,0.34
6np2,0.16
6o5t,0.316
6dd0,3.3
6o5g,2.0
6eeb,5.0
6nyv,0.312
6ny0,4.0
6nxz,3.5
6nwl,0.043000000000000003
6nwk,0.02
6nsv,0.0158
6nfy,0.016
6ndl,0.065
6nco,30.0
6ncn,900.0
6n9l,0.2
6n95,7.5
6mxc,2.73
6mm2,3.92
6mlp,200.0
6mlo,0.8
6mln,0.029
6mlj,0.055
6mli,3700.0
6mlg,9.0
6mle,0.001
6ml9,5.0
6mla,42.0
6mkw,17.0
6mku,0.07
6md8,4200.0
6m8q,0.37
6kjd,8.9
6k3l,0.0601
6jtc,8.45
6jon,13.2
6jof,10.4
5zhl,0.19
6jfk,14.4
6jdl,13.0
6jdi,7.8
6j7e,9.2
6jbe,19.8
6jbb,1.03
6jb4,1.04
6jb0,0.058
6jaq,111.23
6jap,16.02
6jao,13.8
6jan,1.61
6jam,5.95
6jag,31.5
6jad,48.3
6j9y,8.54
6j9w,7.46
6jay,1.99
6jaw,2.18
6jav,1.72
6j72,0.74
6j0o,11.9
6if0,0.31
6iez,0.3
5zym,1.7
5zyl,0.088
5zyg,6.2
6j0g,2.3
6iou,184.2
6ios,79.4
6ior,49.5
6im4,0.04
5zw6,0.01
6iht,6.2
6ift,21.0
6idb,0.4
6i18,85.0
6i17,0.25
6i14,1.5
6i13,7.6
6i12,2.7
6i11,29.3
6i0z,92.0
6hq7,0.769
6hni,94.0
6hm1,0.91
6hgs,170.0
6hgr,350.0
6haz,0.1
6gxg,5.7
6gdy,3.5
6g9x,120.0
6g2o,0.17
6g2f,6.8
6g2e,9.7
6g2c,22.0
6g2b,160.0
6g29,47.0
6g27,731.0
6g25,300.0
6g24,1700.0
6ftw,0.32
6ftf,0.008
6fh3,850.0
6ets,2.3
6dzx,3.5
6dys,56.4
6dyr,218.6
6dyn,638.9
6dsp,0.81
6det,0.006
6d9s,1.1
6d3q,0.0034
6d19,0.246
6d18,1.4
6d17,15.3
6d16,8.4
6d15,32.9
6mll,239.0
6czf,1.6
6cjs,0.0002
6cjr,0.0003
6c9v,0.1202
6c9s,0.048
6c85,126.0
6bs4,2.8
6bs3,1.5
6as8,0.089
6aro,7.1
6arn,6.5
6aox,15.0
6arm,10.6
6ajr,48.5
6abx,7190.0
6a87,700.0
5zvw,0.0024
5zni,40.3
5znc,0.0299
5zg3,0.061
5zg1,0.019
5zg0,0.082
5zdb,1.78
5yum,223.0
5ymx,0.12
5vh0,30.0
5ohy,6.8
5oht,0.96
5ogb,0.034
6qas,0.0181
6nzv,6.7e-05
6sge,0.0308
6ssy,649.0
6st0,7.463
6stl,0.0016
6ueg,19.5
