code,y,y_pred
0_mt,8.494850158691406,11.044716835021973
0_wt,9.0,11.030896186828612
1_wt,9.0,11.030896186828612
1_mt,8.886056900024414,11.023239135742188
2_wt,11.397939682006836,10.975090980529783
2_mt,10.585026741027832,10.884331703186035
3_wt,9.236572265625,11.026087760925291
3_mt,7.769551277160644,10.911667823791504
4_wt,9.236572265625,11.026087760925291
4_mt,7.744727611541748,10.8433256149292
5_wt,9.236572265625,11.026087760925291
5_mt,8.795880317687988,10.985947608947754
6_mt,8.301029995663981,10.891207695007324
6_wt,9.236572265625,11.026087760925291
7_wt,9.30980396270752,11.034555435180664
7_mt,8.30980396270752,11.034350395202637
8_wt,10.962573051452637,10.92387866973877
8_mt,10.060481071472168,10.992388725280762
9_mt,8.481486320495605,11.066387176513672
9_wt,9.30980396270752,11.070281982421877
10_wt,9.568635940551758,11.38969612121582
10_mt,8.337242126464844,11.389161109924316
11_mt,8.677781105041504,11.276259422302246
11_wt,9.568635940551758,11.38969612121582
12_mt,9.070581436157228,11.398153305053713
12_wt,9.568635940551758,11.38969612121582
13_wt,9.568635940551758,11.38969612121582
13_mt,9.09691047668457,11.368860244750977
14_wt,7.619788646697998,10.949895858764648
14_mt,6.560667514801025,10.888571739196776
15_mt,7.619788646697998,10.949895858764648
15_wt,7.12493896484375,10.949895858764648
16_wt,8.823908805847168,11.369790077209473
16_mt,8.387216567993164,11.480460166931152
17_wt,6.494850158691406,10.316514015197754
17_mt,7.346787452697754,10.314382553100586
18_wt,8.42021656036377,11.841370582580566
18_mt,9.585026741027832,11.835676193237305
19_mt,8.42021656036377,11.841370582580566
19_wt,10.0,11.841370582580566
20_mt,10.301030158996582,11.858372688293455
20_wt,8.42021656036377,11.841370582580566
21_wt,6.838632106781006,11.248784065246582
21_mt,7.119186401367188,11.293778419494627
22_wt,8.795880317687988,11.227229118347168
22_mt,8.74472713470459,11.229979515075684
23_wt,8.795880317687988,11.227229118347168
23_mt,7.031517028808594,11.224926948547363
24_mt,8.259636878967285,11.224129676818848
24_wt,8.795880317687988,11.227229118347168
25_wt,8.795880317687988,11.227229118347168
25_mt,6.86966609954834,11.22007656097412
26_wt,8.795880317687988,11.227229118347168
26_mt,6.879426002502441,11.225547790527344
27_mt,6.1348958015441895,11.220637321472168
27_wt,8.795880317687988,11.227229118347168
28_mt,5.789681434631348,11.22105884552002
28_wt,8.795880317687988,11.227229118347168
29_wt,8.795880317687988,11.227229118347168
29_mt,5.818728446960449,11.227599143981934
30_mt,8.207608222961426,11.222574234008787
30_wt,9.522878646850586,11.227229118347168
31_wt,9.522878646850586,11.227229118347168
31_mt,6.595166206359863,11.224544525146484
32_wt,8.795880317687988,11.227229118347168
32_mt,7.886056423187256,11.221829414367676
33_wt,8.795880317687988,11.227229118347168
33_mt,8.327901840209961,11.22252368927002
34_mt,8.154901959985743,11.731371879577637
34_wt,8.853872299194336,11.754202842712402
35_wt,8.853872299194336,11.754202842712402
35_mt,9.698969841003418,11.733132362365724
36_mt,8.853872299194336,11.754202842712402
36_wt,10.154901504516602,11.754202842712402
37_wt,8.568635940551758,11.76726531982422
37_mt,6.821022987365723,11.793745040893556
38_wt,8.568635940551758,11.76726531982422
38_mt,7.380906581878662,11.647175788879396
39_mt,7.39685583114624,11.72364616394043
39_wt,8.568635940551758,11.767264366149902
40_mt,6.850780963897705,11.597002983093262
40_wt,8.568635940551758,11.76726531982422
41_mt,8.070581436157227,11.768036842346191
41_wt,8.154901504516602,11.731371879577637
42_wt,8.853872299194336,11.754202842712402
42_mt,8.004364967346191,11.76052188873291
43_wt,8.568635940551758,11.76726531982422
43_mt,8.28399658203125,11.622642517089844
44_wt,8.853872299194336,11.754202842712402
44_mt,9.20065975189209,11.69725513458252
45_wt,8.853872299194336,11.754202842712402
45_mt,7.744727611541748,11.71096420288086
46_wt,8.568635940551758,11.76726531982422
46_mt,8.207608222961426,11.685978889465332
47_mt,7.853871822357178,11.595099449157717
47_wt,8.568635940551758,11.76726531982422
48_mt,9.698969841003418,11.670693397521973
48_wt,8.853872299194336,11.754202842712402
49_mt,6.0,10.645644187927246
49_wt,5.356547355651856,10.63750457763672
50_mt,4.886056423187256,11.07140827178955
50_wt,5.663540363311768,11.091517448425291
51_mt,6.275723934173584,11.090155601501465
51_wt,5.663540363311768,11.091517448425291
52_wt,7.50976037979126,10.96348476409912
52_mt,5.592779159545898,10.9638032913208
53_wt,7.505845546722412,10.96348476409912
53_mt,6.93930196762085,10.98529815673828
54_mt,7.401976108551025,10.965283393859863
54_wt,7.505845546722412,10.96348476409912
55_wt,7.505845546722412,10.96348476409912
55_mt,6.376750946044922,10.967076301574709
56_mt,5.997402191162109,10.966235160827637
56_wt,7.50976037979126,10.96348476409912
57_mt,7.7382612228393555,10.9779691696167
57_wt,7.50976037979126,10.96348476409912
58_wt,7.42181921005249,10.658764839172363
58_mt,5.610302448272705,10.65145778656006
59_mt,6.612788200378418,10.66869831085205
59_wt,7.42181921005249,10.658764839172363
60_wt,7.42181921005249,10.658764839172363
60_mt,7.087671756744385,10.671608924865724
61_wt,7.42181921005249,10.658764839172363
61_mt,6.384049892425537,10.67433261871338
62_wt,7.42181921005249,10.658764839172363
62_mt,5.575281620025635,10.653401374816896
63_wt,7.42181921005249,10.658764839172363
63_mt,5.610302448272705,10.659343719482422
64_mt,5.715795040130615,10.656119346618652
64_wt,7.42181921005249,10.658764839172363
65_mt,8.301029995663981,10.054450035095217
65_wt,8.721246719360352,10.055586814880373
66_wt,8.721246719360352,10.055586814880373
66_mt,8.301029995663981,10.055828094482422
67_wt,8.721246719360352,10.055586814880373
67_mt,8.301029995663981,10.056163787841797
68_wt,9.823908805847168,11.048369407653809
68_mt,8.346787452697754,10.816351890563965
69_mt,9.301030158996582,10.979681015014648
69_wt,9.823908805847168,11.048369407653809
70_wt,9.823908805847168,11.048369407653809
70_mt,9.387216567993164,10.883174896240234
71_mt,9.045757293701172,11.062304496765137
71_wt,9.823908805847168,11.048369407653809
72_mt,9.795880317687988,10.937594413757324
72_wt,9.823908805847168,11.048369407653809
73_wt,9.823908805847168,11.048369407653809
73_mt,8.823908805847168,11.053644180297852
74_mt,5.715795040130615,11.339303016662598
74_wt,7.474566459655762,11.372873306274414
75_mt,7.087671756744385,11.388636589050291
75_wt,7.474566459655762,11.372873306274414
76_mt,7.650528430938721,11.37868595123291
76_wt,7.474566459655762,11.372873306274414
77_mt,6.667561531066895,11.39494800567627
77_wt,7.474566459655762,11.372873306274414
78_mt,5.434506416320801,11.374211311340332
78_wt,7.474566459655762,11.372873306274414
79_wt,7.474566459655762,11.372873306274414
79_mt,5.469672203063965,11.338290214538574
80_mt,5.575118541717529,11.3898286819458
80_wt,7.474566459655762,11.372873306274414
81_wt,7.474566459655762,11.372873306274414
81_mt,6.595166206359863,11.351035118103027
82_mt,6.0,11.63278102874756
82_wt,5.962573528289795,11.56182098388672
83_mt,6.376750946044922,11.69492244720459
83_wt,6.481485843658447,11.625356674194336
84_wt,5.79587984085083,10.970643043518066
84_mt,5.92081880569458,10.966500282287598
85_mt,4.229147911071777,10.977086067199709
85_wt,5.79587984085083,10.970643043518066
86_mt,5.886056423187256,10.968704223632812
86_wt,5.79587984085083,10.970643043518066
87_wt,5.79587984085083,10.970643043518066
87_mt,5.173925399780273,10.942773818969728
88_wt,5.79587984085083,10.970643043518066
88_mt,5.853871822357178,10.953225135803224
89_wt,5.79587984085083,10.970643043518066
89_mt,7.698969841003418,10.958561897277832
90_wt,5.79587984085083,10.970643043518066
90_mt,7.698969841003418,10.979948043823242
91_wt,5.79587984085083,10.970643043518066
91_mt,4.3665313720703125,10.950894355773926
92_mt,5.187086582183838,10.98664379119873
92_wt,5.79587984085083,10.970643043518066
93_wt,5.79587984085083,10.970643043518066
93_mt,7.698969841003418,10.953661918640137
94_wt,5.79587984085083,10.970643043518066
94_mt,7.698969841003418,10.970820426940918
95_wt,5.79587984085083,10.970643043518066
95_mt,5.221848964691162,10.880337715148926
96_wt,5.79587984085083,10.970643043518066
96_mt,5.677780628204346,10.916860580444336
97_wt,5.79587984085083,10.970643043518066
97_mt,6.958607196807861,10.921099662780762
98_mt,6.534616947174072,10.89638900756836
98_wt,6.782516002655029,10.882712364196776
99_mt,5.498940944671631,10.954569816589355
99_wt,6.782516002655029,10.882712364196776
100_wt,6.782516002655029,10.882712364196776
100_mt,6.150580406188965,10.896137237548828
101_mt,6.133712768554688,10.932953834533691
101_wt,6.782516002655029,10.882712364196776
102_mt,8.823908805847168,10.731036186218262
102_wt,9.06550121307373,10.704726219177246
103_wt,9.06550121307373,10.704726219177246
103_mt,9.070581436157228,10.764276504516602
104_wt,9.06550121307373,10.704726219177246
104_mt,7.15490198135376,10.738659858703612
105_wt,9.06550121307373,10.704726219177246
105_mt,8.920818328857422,10.700486183166504
106_wt,9.06550121307373,10.704726219177246
106_mt,8.769551277160645,10.76791286468506
107_wt,9.06550121307373,10.704726219177246
107_mt,8.318758964538574,10.69527530670166
108_mt,7.853871822357178,12.344874382019045
108_wt,8.301030158996582,12.208727836608888
109_wt,8.301030158996582,12.208727836608888
109_mt,7.823908805847168,12.301397323608398
110_wt,7.677780628204346,12.208727836608888
110_mt,8.301029995663981,12.208727836608888
111_mt,4.251811981201172,10.217312812805176
111_wt,6.301030158996582,10.206664085388184
112_wt,6.301030158996582,10.206664085388184
112_mt,6.397940158843994,10.201685905456545
113_mt,5.602059841156006,10.179938316345217
113_wt,6.301030158996582,10.206664085388184
114_wt,6.301030158996582,10.206664085388184
114_mt,5.292429924011231,10.18668270111084
115_mt,7.698969841003418,10.206964492797852
115_wt,6.301030158996582,10.206664085388184
116_mt,7.698969841003418,10.207304000854492
116_wt,6.301030158996582,10.206664085388184
117_mt,4.026872158050537,10.19387149810791
117_wt,6.301030158996582,10.206664085388184
118_mt,4.229147911071777,10.218307495117188
118_wt,6.301030158996582,10.206664085388184
119_wt,6.301030158996582,10.206664085388184
119_mt,7.698969841003418,10.20654582977295
120_wt,6.301030158996582,10.206664085388184
120_mt,7.698969841003418,10.203707695007324
121_wt,6.301030158996582,10.206664085388184
121_mt,5.886056423187256,10.15053653717041
122_wt,6.301030158996582,10.206664085388184
122_mt,5.958607196807861,10.178797721862791
123_wt,6.301030158996582,10.206664085388184
123_mt,6.79587984085083,10.189058303833008
124_wt,7.148741722106934,11.65921401977539
124_mt,6.017728805541992,11.663769721984863
125_mt,7.193819999694824,11.654936790466309
125_wt,7.148741722106934,11.65921401977539
126_mt,7.366531372070312,11.664837837219238
126_wt,7.148741722106934,11.65921401977539
127_wt,7.148741722106934,11.65921401977539
127_mt,7.346787452697754,11.66246509552002
128_wt,6.15490198135376,11.952387809753418
128_mt,5.356547355651856,11.941807746887209
129_mt,4.886056423187256,11.950604438781738
129_wt,6.15490198135376,11.952387809753418
130_mt,6.0,12.002561569213867
130_wt,6.15490198135376,11.952387809753418
131_wt,4.853871822357178,11.047568321228027
131_mt,5.259637355804443,11.054306983947754
132_mt,4.958607196807861,11.045132637023926
132_wt,4.853871822357178,11.047568321228027
133_wt,4.853871822357178,11.047568321228027
133_mt,4.744727611541748,11.0543851852417
134_mt,5.28399658203125,11.044946670532228
134_wt,4.853871822357178,11.047568321228027
135_mt,9.397939682006836,11.031620979309082
135_wt,9.95860767364502,11.06441879272461
136_mt,9.356547355651855,11.028685569763184
136_wt,9.95860767364502,11.06441879272461
137_wt,9.95860767364502,11.06441879272461
137_mt,9.0,11.02260971069336
138_wt,9.95860767364502,11.06441879272461
138_mt,10.0,11.03834056854248
139_mt,10.09691047668457,11.058259963989258
139_wt,9.95860767364502,11.06441879272461
140_mt,9.823908805847168,11.024491310119627
140_wt,9.95860767364502,11.06441879272461
141_mt,10.397939682006836,11.137150764465332
141_wt,11.301030158996582,11.174419403076172
142_wt,11.301030158996582,11.174420356750488
142_mt,9.045757293701172,11.164240837097168
143_mt,8.214670181274414,10.926901817321776
143_wt,11.301030158996582,11.174419403076172
144_mt,5.15490198135376,10.190163612365724
144_wt,8.301030158996582,10.184253692626951
145_wt,8.301030158996582,10.193245887756348
145_mt,6.8326826095581055,10.1886625289917
146_wt,4.267606258392334,10.82837963104248
146_mt,2.698970079421997,10.850589752197266
147_mt,5.429457187652588,11.354063987731934
147_wt,4.476904392242432,11.35117244720459
148_mt,5.214670181274414,11.35460376739502
148_wt,4.476904392242432,11.35117244720459
149_mt,3.958607196807861,11.30554485321045
149_wt,5.045757293701172,11.304314613342283
150_wt,3.6777806282043457,10.963774681091309
150_mt,3.585026741027832,10.972805976867676
151_mt,4.690369606018066,10.79304027557373
151_wt,4.745935440063477,10.747665405273438
152_wt,4.745935440063477,10.747665405273438
152_mt,4.250263690948486,10.838552474975586
153_wt,5.236571788787842,10.855772018432615
153_mt,5.221848964691162,10.998520851135254
154_mt,4.578395843505859,10.868922233581545
154_wt,4.745935440063477,10.747665405273438
155_mt,4.225482940673828,10.74286937713623
155_wt,4.745935440063477,10.747665405273438
156_wt,4.745935440063477,10.747665405273438
156_mt,4.269217491149902,10.618412971496582
157_mt,4.320571899414063,10.721220970153809
157_wt,4.745935440063477,10.747665405273438
158_mt,3.7772834300994873,10.744022369384766
158_wt,4.745935440063477,10.747665405273438
159_mt,3.552841901779175,10.746674537658691
159_wt,4.745935440063477,10.747665405273438
160_wt,4.745935440063477,10.747665405273438
160_mt,4.359518527984619,10.78052043914795
161_mt,4.266802787780762,10.779217720031738
161_wt,4.745935440063477,10.747665405273438
162_wt,5.823908805847168,10.63499355316162
162_mt,5.187086582183838,10.630343437194824
163_wt,4.745935440063477,10.747665405273438
163_mt,3.850780963897705,10.764073371887209
164_wt,6.207608222961426,10.786343574523926
164_mt,5.376750946044922,11.030733108520508
165_wt,4.7695512771606445,11.514552116394045
165_mt,4.537601947784424,11.501270294189451
166_wt,4.7695512771606445,11.514552116394045
166_mt,4.585026741027832,11.326481819152832
167_mt,4.602059841156006,11.42124080657959
167_wt,4.7695512771606445,11.514552116394045
168_mt,6.886056423187256,10.762672424316406
168_wt,6.050610065460205,10.774011611938477
169_wt,7.221848964691162,10.770546913146973
169_mt,6.207608222961426,10.778111457824709
170_wt,6.050610065460205,10.770546913146973
170_mt,7.221848964691162,10.761359214782717
171_wt,6.050610065460205,10.772472381591797
171_mt,6.886056423187256,10.770869255065918
172_wt,8.886056900024414,10.770813941955566
172_mt,8.045757490560675,10.785248756408691
173_mt,5.12493896484375,10.554224967956545
173_wt,5.698969841003418,10.548138618469238
174_mt,5.602059841156006,10.018811225891112
174_wt,7.301030158996582,10.017234802246094
175_wt,5.522878646850586,10.017234802246094
175_mt,4.468521118164063,10.018811225891112
176_wt,5.853871822357178,10.017234802246094
176_mt,4.823908805847168,10.018811225891112
177_wt,6.698969841003418,10.017234802246094
177_mt,4.92081880569458,10.018811225891112
178_wt,7.0,10.017234802246094
178_mt,5.193819999694824,10.018811225891112
179_mt,5.397940158843994,10.018811225891112
179_wt,7.397940158843994,10.017233848571776
180_mt,5.431798458099365,10.018811225891112
180_wt,7.221848964691162,10.017234802246094
181_wt,6.221848964691162,11.49966526031494
181_mt,2.522878646850586,11.421619415283203
182_wt,5.431798458099365,10.789603233337402
182_mt,5.92081880569458,10.674885749816896
183_wt,5.431798458099365,10.789603233337402
183_mt,5.698969841003418,10.736659049987791
184_wt,5.431798458099365,10.789603233337402
184_mt,5.619788646697998,10.7210054397583
185_wt,5.431798458099365,10.789603233337402
185_mt,5.494850158691406,10.776190757751465
186_wt,5.229147911071777,10.789603233337402
186_mt,5.431798458099365,10.789603233337402
187_wt,7.602059841156006,11.27840518951416
187_mt,4.892789840698242,11.26710033416748
188_mt,3.863279342651367,10.741393089294434
188_wt,3.634511947631836,10.7421236038208
189_mt,4.681936740875244,10.741393089294434
189_wt,4.245651721954346,10.7421236038208
190_wt,3.634511947631836,10.7421236038208
190_mt,3.705533742904663,10.868182182312012
191_wt,4.245651721954346,10.7421236038208
191_mt,2.709965467453003,10.868182182312012
192_mt,6.823908805847168,10.551448822021484
192_wt,7.408935546875,10.553949356079102
193_wt,7.408935546875,10.553949356079102
193_mt,4.958607196807861,10.536252975463867
194_mt,6.853871822357178,10.548087120056152
194_wt,7.408935546875,10.553949356079102
195_wt,7.408935546875,10.553949356079102
195_mt,7.130768299102783,10.5505952835083
196_wt,7.408935546875,10.553949356079102
196_mt,7.022276401519775,10.569113731384276
197_mt,6.853871822357178,10.5451021194458
197_wt,7.408935546875,10.553949356079102
198_wt,7.408935546875,10.553949356079102
198_mt,6.494850158691406,10.577380180358888
199_mt,3.207608222961426,10.808427810668944
199_wt,4.337242126464844,10.793203353881836
200_wt,3.795880079269409,10.793203353881836
200_mt,2.92081880569458,10.808427810668944
201_wt,3.698970079421997,10.690571784973145
201_mt,3.236572027206421,10.71269702911377
202_mt,3.698970079421997,10.79661464691162
202_wt,3.698970079421997,10.690571784973145
203_wt,3.698970079421997,10.690571784973145
203_mt,3.102372884750366,10.741379737854004
204_mt,6.744727611541748,10.977347373962402
204_wt,6.602059841156006,10.771761894226074
205_mt,5.619788646697998,11.604212760925291
205_wt,8.698969841003418,11.576583862304688
206_mt,7.552842140197754,11.599053382873535
206_wt,8.698969841003418,11.576583862304688
207_wt,8.698969841003418,11.576583862304688
207_mt,6.638272285461426,11.625947952270508
208_wt,8.221848487854004,11.576583862304688
208_mt,8.698970004336019,11.575763702392578
209_wt,8.698969841003418,11.576583862304688
209_mt,4.259637355804443,11.612163543701172
210_mt,3.6840295791625977,11.588479042053224
210_wt,8.698969841003418,11.576583862304688
211_wt,8.698969841003418,11.576583862304688
211_mt,3.251811981201172,11.60257053375244
212_mt,6.602059841156006,11.613021850585938
212_wt,8.698969841003418,11.576583862304688
213_wt,7.698969841003418,11.875731468200684
213_mt,7.657577514648437,11.907541275024414
214_mt,7.886056423187256,11.884174346923828
214_wt,7.698969841003418,11.875731468200684
215_mt,8.356547355651855,11.886493682861328
215_wt,7.698969841003418,11.875731468200684
216_wt,7.698969841003418,11.875731468200684
216_mt,7.853871822357178,11.874622344970703
217_wt,5.837137222290039,10.07913303375244
217_mt,5.461552143096924,10.077913284301758
218_mt,5.544774532318115,10.07538890838623
218_wt,5.837137222290039,10.07913303375244
219_wt,3.638272047042847,10.685311317443848
219_mt,3.3565473556518555,10.709187507629396
220_mt,3.1191864013671875,10.709187507629396
220_wt,3.552841901779175,10.685311317443848
221_mt,5.004364967346191,10.850127220153809
221_wt,4.78515625,10.85849666595459
222_mt,5.318758964538574,10.842887878417969
222_wt,4.78515625,10.85849666595459
223_wt,4.78515625,10.85849666595459
223_mt,3.705533742904663,10.81700611114502
224_mt,4.78515625,10.85849666595459
224_wt,5.568636417388916,10.85849666595459
225_wt,4.115204811096191,10.01557445526123
225_mt,4.924453258514404,10.015769958496094
226_wt,4.115204811096191,10.01557445526123
226_mt,3.2304749488830566,10.017645835876465
227_wt,4.115204811096191,10.01557445526123
227_mt,2.707566738128662,10.016194343566896
228_wt,4.115204811096191,10.01557445526123
228_mt,3.1139607429504395,10.015604972839355
229_wt,4.115204811096191,10.01557445526123
229_mt,3.944621562957764,10.014009475708008
230_wt,4.115204811096191,10.01557445526123
230_mt,4.079354763031006,10.016217231750488
231_mt,9.684869766235352,10.927934646606444
231_wt,9.684869766235352,10.90358066558838
232_mt,6.619788646697998,11.11109447479248
232_wt,7.853871822357178,11.05486011505127
233_wt,12.65384292602539,10.90358066558838
233_mt,9.684869766235352,10.90358066558838
234_mt,6.886056423187256,10.932586669921877
234_wt,7.0,10.91903018951416
235_mt,6.7695512771606445,10.8934326171875
235_wt,7.0,10.91903018951416
236_wt,7.0,10.91903018951416
236_mt,7.0,10.91519260406494
237_wt,12.187087059020996,10.91903018951416
237_mt,9.853872299194336,11.03499698638916
238_mt,9.855425834655762,11.03499698638916
238_wt,13.238823890686035,10.91903018951416
239_mt,7.259637355804443,11.45943546295166
239_wt,6.7695512771606445,11.483756065368652
240_wt,5.0,11.70620059967041
240_mt,4.576754093170166,11.724358558654783
241_mt,4.478861808776856,11.724358558654783
241_wt,6.537601947784424,11.70620059967041
242_mt,4.67162036895752,11.724358558654783
242_wt,5.677780628204346,11.70620059967041
243_mt,8.180456161499023,10.498785018920898
243_wt,8.229147911071777,10.500288963317873
244_mt,8.154901959985743,10.505812644958496
244_wt,8.229147911071777,10.500288963317873
245_wt,8.229147911071777,10.500288963317873
245_mt,7.236571788787842,10.487872123718262
246_mt,6.56383752822876,10.497138023376465
246_wt,8.229147911071777,10.500288963317873
247_mt,6.568636417388916,10.497138023376465
247_wt,8.229147911071777,10.500288963317873
248_wt,8.229147911071777,10.500288963317873
248_mt,5.55439567565918,10.48709487915039
249_mt,5.552842140197754,10.48709487915039
249_wt,8.229147911071777,10.500288963317873
250_wt,8.229147911071777,10.500288963317873
250_mt,7.107905387878418,10.498225212097168
251_mt,7.070580959320068,10.490206718444824
251_wt,8.229147911071777,10.500288963317873
252_wt,8.229147911071777,10.500288963317873
252_mt,7.070580959320068,10.490206718444824
253_mt,3.318758726119995,10.970574378967283
253_wt,3.3098039627075195,10.970574378967283
254_mt,3.2291479110717773,11.022730827331545
254_wt,3.318758726119995,10.970574378967283
255_wt,4.431798458099365,10.873215675354004
255_mt,3.0655014514923096,10.876418113708496
256_mt,2.4685211181640625,10.962408065795898
256_wt,3.0315170288085938,10.95050048828125
257_wt,8.397939682006836,10.496064186096191
257_mt,8.301029995663981,10.505053520202637
258_wt,6.4202165603637695,11.73180866241455
258_mt,6.070580959320068,11.719599723815918
259_wt,5.522878646850586,11.104331016540527
259_mt,4.886056423187256,11.101007461547852
260_wt,6.4202165603637695,11.73180866241455
260_mt,5.602059841156006,11.71154499053955
261_mt,6.346787452697754,11.74195384979248
261_wt,6.4202165603637695,11.73180866241455
262_wt,5.522878646850586,11.104331016540527
262_mt,4.958607196807861,11.117682456970217
263_mt,4.602059841156006,11.084248542785645
263_wt,5.522878646850586,11.104331016540527
264_mt,6.096909999847412,11.739006042480469
264_wt,6.4202165603637695,11.73180866241455
265_mt,4.537601947784424,11.110782623291016
265_wt,5.522878646850586,11.104331016540527
266_mt,5.040958404541016,11.103358268737791
266_wt,5.522878646850586,11.104331016540527
267_wt,5.744727611541748,10.610480308532717
267_mt,5.677780628204346,10.614901542663574
268_mt,2.853872060775757,10.113466262817385
268_wt,2.214670181274414,10.1093168258667
269_mt,2.267606258392334,10.11502742767334
269_wt,2.214670181274414,10.1093168258667
270_wt,3.522878646850586,10.1093168258667
270_mt,2.214670181274414,10.1093168258667
271_wt,9.221848487854004,11.260482788085938
271_mt,9.09691047668457,11.261256217956545
272_wt,9.221848487854004,11.260482788085938
272_mt,9.522878646850586,11.25523281097412
273_mt,8.853872299194336,11.258469581604004
273_wt,9.221848487854004,11.260482788085938
274_mt,9.154901504516602,11.251028060913086
274_wt,9.221848487854004,11.260482788085938
275_wt,9.221848487854004,11.260482788085938
275_mt,7.92081880569458,11.252568244934082
276_mt,9.154901504516602,11.244929313659668
276_wt,9.221848487854004,11.260482788085938
277_wt,9.221848487854004,11.260482788085938
277_mt,9.045757293701172,11.246330261230469
278_mt,9.221848487854004,11.262633323669434
278_wt,9.221848487854004,11.260482788085938
279_wt,9.698969841003418,11.260482788085938
279_mt,8.008773803710938,11.252488136291504
280_wt,9.698969841003418,11.260482788085938
280_mt,6.548213481903076,11.256153106689451
281_wt,9.221848487854004,11.260482788085938
281_mt,7.853871822357178,11.24535846710205
282_mt,9.221848487854004,11.253365516662598
282_wt,9.221848487854004,11.260482788085938
283_wt,7.616184711456299,11.854294776916504
283_mt,6.747147083282471,11.852389335632324
284_wt,7.616184711456299,11.854294776916504
284_mt,8.677781105041504,11.835200309753418
285_mt,5.477555751800537,11.448760032653809
285_wt,6.405607223510742,11.40575885772705
286_wt,3.454692840576172,9.948641777038574
286_mt,3.0491485595703125,9.94583797454834
287_mt,5.3665313720703125,9.972503662109377
287_wt,6.259637355804443,9.97188949584961
288_mt,5.79587984085083,9.972725868225098
288_wt,6.259637355804443,9.97188949584961
289_mt,6.259637355804443,9.97188949584961
289_wt,6.853871822357178,9.97188949584961
290_wt,3.795880079269409,11.213050842285156
290_mt,6.443697452545166,11.210896492004396
291_mt,6.30980396270752,11.16397762298584
291_wt,3.795880079269409,11.213050842285156
292_wt,2.522878646850586,11.213050842285156
292_mt,5.301030158996582,11.16397762298584
293_mt,5.552842140197754,11.147220611572266
293_wt,3.795880079269409,11.213050842285156
294_wt,2.522878646850586,11.213050842285156
294_mt,3.823908805847168,11.147220611572266
295_mt,4.698969841003418,11.222147941589355
295_wt,3.795880079269409,11.213050842285156
296_wt,2.522878646850586,11.213050842285156
296_mt,3.408935308456421,11.222147941589355
297_mt,6.259637355804443,11.200953483581545
297_wt,3.795880079269409,11.213050842285156
298_mt,5.0,11.200953483581545
298_wt,2.522878646850586,11.213050842285156
299_wt,2.522878646850586,11.213050842285156
299_mt,4.0,11.205924034118652
300_mt,4.229147911071777,11.225878715515137
300_wt,2.522878646850586,11.213050842285156
301_mt,5.107905387878418,11.200100898742676
301_wt,2.522878646850586,11.213050842285156
302_wt,3.795880079269409,11.213050842285156
302_mt,3.568636178970337,11.210349082946776
303_mt,2.267606258392334,11.210349082946776
303_wt,2.522878646850586,11.213050842285156
304_mt,6.397940158843994,11.19240951538086
304_wt,3.795880079269409,11.213050842285156
305_wt,3.795880079269409,11.213050842285156
305_mt,6.148741722106934,11.23495864868164
306_mt,5.7695512771606445,11.23495864868164
306_wt,2.522878646850586,11.213050842285156
307_mt,5.301030158996582,11.226702690124512
307_wt,3.795880079269409,11.213050842285156
308_mt,4.102373123168945,11.226702690124512
308_wt,2.522878646850586,11.213050842285156
309_mt,3.585026741027832,11.231030464172363
309_wt,2.522878646850586,11.213050842285156
310_mt,3.4559319019317627,10.278485298156738
310_wt,3.259637355804444,10.27301025390625
311_mt,2.522878646850586,10.2705078125
311_wt,3.259637355804444,10.27301025390625
312_mt,8.28399658203125,11.775505065917969
312_wt,6.638272285461426,11.757165908813477
313_wt,6.638272285461426,11.757165908813477
313_mt,7.638272285461426,11.785231590270996
314_wt,6.638272285461426,11.757165908813477
314_mt,8.08092212677002,11.747912406921388
315_wt,6.638272285461426,11.757165908813477
315_mt,7.886056423187256,11.767258644104004
316_wt,6.638272285461426,11.757165908813477
316_mt,6.455932140350342,11.73513126373291
317_mt,7.180456161499023,11.771796226501465
317_wt,6.638272285461426,11.757165908813477
318_mt,4.2441253662109375,10.756619453430176
318_wt,5.602059841156006,10.765891075134276
319_wt,5.602059841156006,10.765891075134276
319_mt,4.408935546875,10.756701469421388
320_mt,8.920818328857422,10.583885192871094
320_wt,9.045757293701172,10.5823974609375
321_wt,9.045757293701172,10.5823974609375
321_mt,8.795880317687988,10.57907009124756
322_wt,9.045757293701172,10.5823974609375
322_mt,7.835647106170654,10.582204818725586
323_wt,9.045757293701172,10.5823974609375
323_mt,8.886056900024414,10.593759536743164
324_wt,9.045757293701172,10.5823974609375
324_mt,9.0,10.585919380187988
325_mt,7.091515064239502,10.441462516784668
325_wt,8.698969841003418,10.443754196166992
326_wt,5.853871822357178,10.97180461883545
326_mt,7.15490198135376,11.06385326385498
327_mt,7.15490198135376,11.063852310180664
327_wt,5.397940158843994,10.97180461883545
328_mt,4.173925399780273,10.831891059875488
328_wt,6.522878646850586,10.832452774047852
329_wt,6.522878646850586,10.832452774047852
329_mt,4.198596477508545,10.81417465209961
330_wt,3.970616340637207,10.78904628753662
330_mt,5.022276401519775,10.792574882507324
331_mt,5.7695512771606445,10.80191135406494
331_wt,3.970616340637207,10.78904628753662
332_wt,7.0,10.817301750183104
332_mt,4.698969841003418,10.79883098602295
333_wt,7.0,10.817301750183104
333_mt,4.376750946044922,10.751423835754396
334_wt,3.958607196807861,10.939891815185549
334_mt,5.292429924011231,10.947527885437012
335_mt,5.958607196807861,10.937798500061035
335_wt,3.958607196807861,10.939891815185549
336_mt,9.698969841003418,11.83237648010254
336_wt,10.154901504516602,11.856768608093262
337_mt,9.552842140197754,11.869095802307127
337_wt,10.154901504516602,11.856768608093262
338_wt,10.154901504516602,11.856768608093262
338_mt,10.045757293701172,11.859046936035156
339_mt,9.431797981262209,11.85962963104248
339_wt,10.154901504516602,11.856768608093262
340_wt,10.154901504516602,11.856768608093262
340_mt,9.769551277160645,11.871721267700195
341_mt,9.677781105041504,11.850752830505373
341_wt,10.154901504516602,11.856768608093262
342_wt,10.154901504516602,11.856768608093262
342_mt,9.455931663513184,11.855179786682127
343_mt,9.251811981201172,10.28947925567627
343_wt,8.742321014404297,10.27782917022705
344_wt,9.180456161499023,10.27782917022705
344_mt,9.30980396270752,10.28947925567627
345_mt,9.251811981201172,10.28947925567627
345_wt,9.031517028808594,10.27782917022705
346_mt,4.966576099395752,11.671551704406738
346_wt,5.698969841003418,11.672433853149414
347_wt,5.698969841003418,11.672433853149414
347_mt,5.552842140197754,11.657099723815918
348_wt,5.698969841003418,11.672433853149414
348_mt,5.356547355651856,11.775038719177246
349_mt,5.229147911071777,11.81668758392334
349_wt,5.698969841003418,11.672432899475098
350_wt,5.853871822357178,11.833252906799316
350_mt,5.958607196807861,11.811996459960938
351_mt,5.853871822357178,11.833252906799316
351_wt,5.585026741027832,11.833252906799316
352_mt,9.036211967468262,11.010568618774414
352_wt,9.585026741027832,11.011635780334473
353_mt,8.856985092163086,10.988698959350586
353_wt,9.585026741027832,11.011635780334473
354_wt,6.501689434051514,11.248537063598633
354_mt,8.74472713470459,11.250950813293455
355_mt,6.026872158050537,10.01136302947998
355_wt,5.92081880569458,10.010026931762695
356_wt,7.408935546875,11.106131553649902
356_mt,8.853872299194336,11.095502853393556
357_wt,8.213248252868652,10.43740940093994
357_mt,7.456925868988037,10.433073043823242
358_mt,8.002177238464355,10.445903778076172
358_wt,8.213248252868652,10.43740940093994
359_mt,7.879096984863281,10.441729545593262
359_wt,8.213248252868652,10.43740940093994
360_wt,8.213248252868652,10.43740940093994
360_mt,6.84163761138916,10.440424919128418
361_mt,7.703115463256836,10.441563606262209
361_wt,8.213248252868652,10.43740940093994
362_mt,6.823908805847168,10.432109832763672
362_wt,8.213248252868652,10.43740940093994
363_wt,8.213248252868652,10.43740940093994
363_mt,6.701147079467773,10.44215965270996
364_mt,8.107905387878418,10.434059143066406
364_wt,8.213248252868652,10.43740940093994
365_wt,7.221848964691162,11.42133617401123
365_mt,8.0,11.437222480773926
366_mt,9.045757293701172,11.342219352722168
366_wt,9.332547187805176,11.290667533874512
367_mt,8.856985092163086,11.360934257507324
367_wt,9.332547187805176,11.290667533874512
368_wt,8.318758964538574,10.355194091796877
368_mt,8.95860767364502,10.353075981140137
369_mt,7.995678424835205,10.483651161193848
369_wt,8.318758964538574,10.355194091796877
370_wt,8.318758964538574,10.355194091796877
370_mt,8.022275924682617,10.456568717956545
371_wt,9.619789123535156,10.739670753479004
371_mt,9.086186408996582,10.614117622375488
372_mt,8.585026741027832,11.03802490234375
372_wt,9.619789123535156,10.850441932678224
373_mt,8.494850158691406,10.60032081604004
373_wt,9.619789123535156,10.770609855651855
374_wt,9.619789123535156,10.812088966369627
374_mt,8.619789123535156,10.694413185119627
375_wt,8.318758964538574,10.355194091796877
375_mt,8.455931663513184,10.348299980163574
376_wt,8.318758964538574,10.355194091796877
376_mt,8.42021656036377,10.424346923828123
377_wt,9.332547187805176,11.290667533874512
377_mt,8.088842391967773,11.213241577148438
378_wt,9.332547187805176,11.290667533874512
378_mt,8.95078182220459,11.23050022125244
379_wt,9.332547187805176,11.290667533874512
379_mt,9.815308570861816,11.218890190124512
380_wt,7.86012077331543,10.75205898284912
380_mt,6.172630786895752,10.75205898284912
381_mt,8.045757490560675,10.35595417022705
381_wt,8.318758964538574,10.355194091796877
382_wt,6.172630786895752,10.75205898284912
382_mt,7.436519145965576,10.737977027893066
383_wt,9.585026741027832,10.514077186584473
383_mt,7.9430952072143555,10.504156112670898
384_wt,8.920818328857422,10.355194091796877
384_mt,8.318758964538574,10.396561622619627
385_mt,8.079355239868164,10.450101852416992
385_wt,9.585026741027832,10.514076232910156
386_wt,9.585026741027832,10.514076232910156
386_mt,8.172630310058594,10.493575096130373
387_wt,9.585026741027832,10.514076232910156
387_mt,8.473660469055176,10.481947898864746
388_wt,9.585026741027832,10.514076232910156
388_mt,6.679853916168213,10.3797025680542
389_mt,8.982966423034668,10.383917808532717
389_wt,9.585026741027832,10.514076232910156
390_wt,9.585026741027832,10.514076232910156
390_mt,8.474955558776855,10.611004829406738
391_mt,6.823908805847168,10.702462196350098
391_wt,6.127261161804199,10.79907512664795
392_mt,6.127261161804199,10.79907512664795
392_wt,6.761953830718994,10.79907512664795
393_mt,6.296708583831787,10.592329025268556
393_wt,6.761953830718994,10.569823265075684
394_wt,9.102373123168944,10.561772346496582
394_mt,8.95860767364502,10.613945960998535
395_mt,9.102373123168944,10.69817066192627
395_wt,9.619789123535156,10.561772346496582
396_wt,9.619789123535156,10.827374458312988
396_mt,9.522878646850586,10.926436424255373
397_mt,12.180456161499023,10.587372779846191
397_wt,11.585026741027832,10.75593376159668
398_mt,11.795880317687988,10.65835952758789
398_wt,11.585026741027832,10.755934715270996
399_wt,12.494850158691406,10.755934715270996
399_mt,11.585026741027832,10.755934715270996
400_wt,7.455932140350342,11.351269721984863
400_mt,7.769551277160644,11.355416297912598
401_wt,9.494850158691406,10.25796890258789
401_mt,7.071604251861572,10.249621391296388
402_mt,5.756961822509766,10.214093208312988
402_wt,7.954677104949951,10.215933799743652
403_mt,6.838632106781006,10.20988655090332
403_wt,7.954677104949951,10.215933799743652
404_wt,9.638272285461426,10.215933799743652
404_mt,7.954677104949951,10.220145225524902
405_wt,9.494850158691406,10.255277633666992
405_mt,7.586365222930908,10.255423545837402
406_wt,7.586365222930908,10.255277633666992
406_mt,10.494850158691406,10.259394645690918
407_mt,6.0,12.023361206054688
407_wt,6.568636417388916,12.071298599243164
408_mt,6.892789840698242,12.066813468933104
408_wt,6.568636417388916,12.068415641784668
409_wt,6.585026741027832,11.938481330871582
409_mt,5.853871822357178,11.95041561126709
410_mt,8.443697929382324,11.933146476745604
410_wt,6.585026741027832,11.93874740600586
411_mt,1.42021644115448,9.956668853759766
411_wt,1.581698656082153,9.96303653717041
412_wt,1.581698656082153,9.96303653717041
412_mt,1.4672455787658691,9.964285850524902
413_mt,1.5016894340515137,9.962026596069336
413_wt,1.581698656082153,9.96303653717041
414_mt,2.602060079574585,9.95441722869873
414_wt,1.581698656082153,9.96303653717041
415_wt,4.721246242523193,10.47083854675293
415_mt,4.368556022644043,10.45641803741455
416_wt,4.721246242523193,10.47083854675293
416_mt,4.521433353424072,10.451313018798828
417_mt,4.259637355804443,10.462580680847168
417_wt,4.721246242523193,10.47083854675293
418_wt,4.721246242523193,10.47083854675293
418_mt,4.44733190536499,10.488574028015137
419_mt,4.533132553100586,10.48306941986084
419_wt,4.721246242523193,10.47083854675293
420_wt,4.721246242523193,10.47083854675293
420_mt,4.659555912017822,10.534218788146973
421_wt,4.721246242523193,10.47083854675293
421_mt,4.16304349899292,10.425572395324709
422_wt,4.721246242523193,10.47083854675293
422_mt,4.122628688812256,10.446455955505373
423_mt,4.251811981201172,10.448107719421388
423_wt,4.721246242523193,10.47083854675293
424_mt,4.872895240783691,10.437582969665527
424_wt,4.721246242523193,10.47083854675293
425_wt,4.721246242523193,10.47083854675293
425_mt,4.515700340270996,10.47050952911377
426_mt,4.690369606018066,10.487868309020996
426_wt,4.721246242523193,10.47083854675293
427_wt,4.721246242523193,10.47083854675293
427_mt,4.219682693481445,10.45382308959961
428_mt,4.369572162628174,10.461432456970217
428_wt,4.721246242523193,10.47083854675293
429_wt,4.721246242523193,10.47083854675293
429_mt,4.395773887634277,10.444136619567873
430_wt,4.721246242523193,10.47083854675293
430_mt,4.728158473968506,10.496825218200684
431_mt,5.649752140045166,10.063809394836426
431_wt,5.567030906677246,10.056357383728027
432_mt,4.642065048217773,10.048797607421877
432_wt,5.567030906677246,10.056357383728027
433_wt,5.567030906677246,10.056357383728027
433_mt,5.3877458572387695,10.07301425933838
434_mt,5.08380937576294,10.082074165344238
434_wt,5.567030906677246,10.056357383728027
435_wt,5.567030906677246,10.056357383728027
435_mt,5.8326826095581055,10.068174362182615
436_wt,5.567030906677246,10.056357383728027
436_mt,6.263603687286377,10.065424919128418
437_wt,5.567030906677246,10.056357383728027
437_mt,5.949620246887207,10.06075382232666
438_mt,5.334418773651123,10.05508804321289
438_wt,5.567030906677246,10.056357383728027
439_mt,6.110698223114014,10.059542655944824
439_wt,5.567030906677246,10.056357383728027
440_wt,5.567030906677246,10.056357383728027
440_mt,5.427709579467773,10.04443645477295
441_mt,5.210066795349121,10.04916000366211
441_wt,5.567030906677246,10.056357383728027
442_wt,4.43770694732666,11.19064235687256
442_mt,4.2125396728515625,11.188287734985352
443_wt,4.43770694732666,11.19064235687256
443_mt,4.725841999053955,11.189547538757324
444_wt,6.455932140350342,11.123311042785645
444_mt,7.045757293701172,11.102164268493652
445_mt,7.0,11.113603591918944
445_wt,6.455932140350342,11.123311042785645
446_mt,3.4912009239196777,11.185070991516112
446_wt,4.43770694732666,11.19064235687256
447_wt,4.43770694732666,11.19064235687256
447_mt,4.379863739013672,11.179551124572754
448_wt,6.455932140350342,11.123311042785645
448_mt,6.744727611541748,11.206433296203612
449_mt,6.92081880569458,11.195600509643556
449_wt,6.455932140350342,11.123311042785645
450_mt,4.570247650146484,11.151217460632324
450_wt,6.455932140350342,11.123311042785645
451_mt,4.373659610748291,11.189520835876465
451_wt,4.43770694732666,11.19064235687256
452_wt,4.43770694732666,11.190643310546877
452_mt,4.332547187805176,11.201593399047852
453_wt,4.43770694732666,11.19064235687256
453_mt,4.12959623336792,11.183218955993652
454_mt,4.707744121551514,11.186444282531738
454_wt,4.43770694732666,11.19064235687256
455_wt,4.43770694732666,11.190643310546877
455_mt,4.38827657699585,11.176445960998535
456_mt,4.576754093170166,11.184128761291504
456_wt,4.43770694732666,11.19064235687256
457_mt,4.394694805145264,11.1880521774292
457_wt,4.43770694732666,11.190643310546877
458_mt,6.193819999694824,10.46463680267334
458_wt,6.193819999694824,10.47082233428955
459_wt,6.193819999694824,10.47082233428955
459_mt,6.229147911071777,10.463261604309082
460_mt,6.2441253662109375,10.44432544708252
460_wt,6.193819999694824,10.47082233428955
461_mt,6.30980396270752,10.448119163513184
461_wt,6.193819999694824,10.47082233428955
462_wt,6.193819999694824,10.47082233428955
462_mt,6.193819999694824,10.435158729553224
463_wt,4.43770694732666,11.19064235687256
463_mt,4.67162036895752,11.190869331359863
464_mt,6.522878646850586,11.141425132751465
464_wt,6.455932140350342,11.123311042785645
465_mt,4.514278411865234,11.185225486755373
465_wt,4.43770694732666,11.19064235687256
466_mt,4.140261650085449,11.196249961853027
466_wt,4.43770694732666,11.19064235687256
467_wt,4.43770694732666,11.19064235687256
467_mt,4.355561256408691,11.175785064697266
468_mt,4.2132487297058105,11.075228691101074
468_wt,6.455932140350342,11.123311042785645
469_mt,5.508638381958008,11.16830348968506
469_wt,6.455932140350342,11.123311042785645
470_wt,6.193819999694824,10.47082233428955
470_mt,6.07572078704834,10.47516918182373
471_mt,4.473660945892334,11.19675350189209
471_wt,4.43770694732666,11.19064235687256
472_mt,5.79587984085083,11.128836631774902
472_wt,6.455932140350342,11.123311042785645
473_wt,8.0,10.892026901245115
473_mt,7.301030158996582,10.877720832824709
474_wt,2.2924299240112305,9.89272689819336
474_mt,2.619788646697998,9.901124000549316
475_mt,3.337242126464844,9.89900016784668
475_wt,2.2924299240112305,9.89272689819336
476_mt,2.0555174350738525,9.891331672668455
476_wt,2.2924299240112305,9.892725944519045
477_wt,5.292429924011231,9.924561500549316
477_mt,4.6575775146484375,9.93507480621338
478_wt,5.292429924011231,9.924561500549316
478_mt,4.546681880950928,9.925034523010254
479_wt,5.292429924011231,9.924561500549316
479_mt,4.647817611694336,9.938349723815918
480_wt,5.292429924011231,9.924561500549316
480_mt,4.598599433898926,9.936277389526367
481_mt,5.187086582183838,9.938299179077148
481_wt,5.292429924011231,9.924561500549316
482_mt,5.113509178161621,9.93903923034668
482_wt,5.292429924011231,9.924561500549316
483_wt,5.292429924011231,9.924561500549316
483_mt,4.630784034729004,9.938549041748049
484_wt,5.292429924011231,9.924561500549316
484_mt,5.221848964691162,9.92707633972168
485_mt,4.991399765014648,9.924349784851074
485_wt,5.292429924011231,9.924561500549316
486_wt,5.292429924011231,9.924561500549316
486_mt,4.812479496002197,9.920058250427246
487_wt,5.292429924011231,9.924561500549316
487_mt,4.826813697814941,9.928866386413574
488_wt,5.292429924011231,9.924561500549316
488_mt,4.896196365356445,9.92868995666504
489_mt,5.1674909591674805,9.93507480621338
489_wt,5.853871822357178,9.924561500549316
490_mt,5.337242126464844,9.925034523010254
490_wt,5.853871822357178,9.924561500549316
491_mt,5.28399658203125,9.938349723815918
491_wt,5.853871822357178,9.924561500549316
492_wt,5.853871822357178,9.924561500549316
492_mt,5.537601947784424,9.936277389526367
493_mt,5.091515064239502,9.938300132751465
493_wt,5.853871822357178,9.924561500549316
494_mt,4.866461277008057,9.93903923034668
494_wt,5.853871822357178,9.924561500549316
495_mt,5.79587984085083,9.938549041748049
495_wt,5.853871822357178,9.924561500549316
496_wt,5.853871822357178,9.924561500549316
496_mt,5.356547355651856,9.90367031097412
497_mt,6.096909999847412,9.92707633972168
497_wt,5.853871822357178,9.924561500549316
498_mt,5.187086582183838,9.924349784851074
498_wt,5.853871822357178,9.924561500549316
499_mt,5.148741722106934,9.920058250427246
499_wt,5.853871822357178,9.924561500549316
500_wt,5.853871822357178,9.924561500549316
500_mt,5.568636417388916,9.928866386413574
501_mt,5.455932140350342,9.92868995666504
501_wt,5.853871822357178,9.924561500549316
502_mt,5.677780628204346,10.709649085998535
502_wt,5.886056423187256,10.654452323913574
503_wt,6.397940158843994,10.400813102722168
503_mt,4.180456161499023,10.413593292236328
504_mt,5.522878646850586,10.39423656463623
504_wt,6.522878646850586,10.395771980285645
505_mt,5.259637355804443,10.39423656463623
505_wt,6.397940158843994,10.394238471984863
506_mt,4.721246242523193,10.41264533996582
506_wt,5.259637355804443,10.39423656463623
507_wt,5.259637355804443,10.39423656463623
507_mt,4.92081880569458,10.415616035461426
508_mt,4.045757293701172,10.406092643737791
508_wt,6.522878646850586,10.395771980285645
509_mt,2.616184711456299,10.400527954101562
509_wt,6.522878646850586,10.395771980285645
510_wt,4.6575775146484375,10.73955249786377
510_mt,3.5451550483703613,10.753900527954102
511_wt,4.301030158996582,10.73955249786377
511_mt,3.602060079574585,10.753900527954102
512_mt,4.677780628204346,10.74744987487793
512_wt,4.6575775146484375,10.73955249786377
513_mt,4.677780628204346,10.744668960571287
513_wt,4.6575775146484375,10.73955249786377
514_wt,7.15490198135376,10.46648120880127
514_mt,5.886056423187256,10.4468412399292
515_wt,5.327902317047119,10.470902442932127
515_mt,4.970616340637207,10.493553161621094
516_mt,5.79587984085083,10.486863136291504
516_wt,5.327902317047119,10.470902442932127
517_wt,7.769551277160644,10.801573753356934
517_mt,6.838632106781006,10.78497314453125
518_mt,0.508638322353363,10.494603157043455
518_wt,0.7212464213371277,10.494070053100586
519_mt,0.7212464213371277,10.493253707885742
519_wt,0.1249387338757515,10.494070053100586
520_wt,5.443697452545166,10.081195831298828
520_mt,5.275723934173584,10.07044506072998
521_wt,5.443697452545166,10.081195831298828
521_mt,4.568636417388916,10.067721366882324
522_wt,5.443697452545166,10.081195831298828
522_mt,5.522878646850586,10.090535163879396
523_wt,7.397940158843994,10.714838981628418
523_mt,4.173925399780273,10.698700904846191
524_wt,7.397940158843994,10.714838981628418
524_mt,4.747147083282471,10.707301139831545
525_mt,6.130768299102783,10.675293922424316
525_wt,7.397940158843994,10.714838981628418
526_wt,7.397940158843994,10.714838981628418
526_mt,6.886056423187256,10.702874183654783
527_wt,5.886056423187256,10.328207015991213
527_mt,5.655214786529541,10.325641632080078
528_mt,4.704432964324951,10.33290958404541
528_wt,5.886056423187256,10.328207015991213
529_mt,5.579714298248291,10.339524269104004
529_wt,5.886056423187256,10.328207015991213
530_mt,5.667763710021973,10.339977264404297
530_wt,5.886056423187256,10.328207015991213
531_mt,5.937417984008789,10.326276779174805
531_wt,5.886056423187256,10.328207015991213
532_mt,5.271159648895264,10.332467079162598
532_wt,5.886056423187256,10.328207015991213
533_mt,4.877129077911377,10.337884902954102
533_wt,5.886056423187256,10.328207015991213
534_wt,5.886056423187256,10.328207015991213
534_mt,5.142125129699707,10.332463264465332
535_wt,5.886056423187256,10.328207015991213
535_mt,5.029978752136231,10.331049919128418
536_mt,5.697885513305664,10.356173515319824
536_wt,5.886056423187256,10.328207015991213
537_mt,7.496209144592285,11.516108512878418
537_wt,7.847711563110352,11.510214805603027
538_wt,7.847711563110352,11.510214805603027
538_mt,7.496209144592285,11.520726203918455
539_mt,5.619788646697998,10.672600746154783
539_wt,6.08092212677002,10.664599418640137
540_wt,6.08092212677002,10.664599418640137
540_mt,5.408935546875,10.654047966003418
541_mt,6.091515064239502,10.690751075744627
541_wt,6.08092212677002,10.664599418640137
542_wt,6.08092212677002,10.664599418640137
542_mt,5.721246242523193,10.677899360656738
543_mt,4.742321491241455,10.66127109527588
543_wt,6.08092212677002,10.664599418640137
544_mt,6.79587984085083,10.145031929016112
544_wt,5.712198257446289,10.145609855651855
545_wt,6.168130397796631,11.002421379089355
545_mt,6.209011554718018,10.990435600280762
546_mt,5.632644176483154,10.996304512023926
546_wt,6.168130397796631,11.002421379089355
547_wt,6.168130397796631,11.002421379089355
547_mt,6.619788646697998,11.019768714904783
548_mt,5.323306560516357,10.99973201751709
548_wt,6.168130397796631,11.002422332763672
549_mt,6.303643703460693,11.00808334350586
549_wt,6.168130397796631,11.002421379089355
550_wt,6.168130397796631,11.002421379089355
550_mt,6.036211967468262,10.991971015930176
551_mt,7.193819999694824,10.9807767868042
551_wt,6.168130397796631,11.002421379089355
552_mt,6.06048059463501,10.978251457214355
552_wt,6.168130397796631,11.002421379089355
553_mt,5.576754093170166,10.991186141967772
553_wt,6.168130397796631,11.002421379089355
554_mt,5.011441230773926,11.00682544708252
554_wt,6.168130397796631,11.002421379089355
555_wt,9.74472713470459,10.447291374206545
555_mt,9.95860767364502,10.462645530700684
556_wt,7.031283855438232,11.343744277954102
556_mt,6.153044700622559,11.387450218200684
557_mt,8.147520065307617,11.386338233947754
557_wt,7.031283855438232,11.343744277954102
558_mt,6.302770614624023,11.37793254852295
558_wt,7.031283855438232,11.343744277954102
559_mt,6.4698004722595215,11.398533821105955
559_wt,7.031283855438232,11.343743324279783
560_wt,7.755228042602539,10.725384712219238
560_mt,8.003050804138184,10.692084312438965
561_mt,8.508638381958008,10.710699081420898
561_wt,7.755228042602539,10.725384712219238
562_wt,5.346787452697754,10.69549560546875
562_mt,4.387216091156006,10.709595680236816
563_mt,5.346787452697754,10.72541046142578
563_wt,4.698969841003418,10.69549560546875
564_wt,8.005243301391602,10.635295867919922
564_mt,7.953505039215088,10.586203575134276
565_wt,8.005243301391602,10.635295867919922
565_mt,7.638272285461426,10.487006187438965
566_mt,8.337242126464844,10.585856437683104
566_wt,8.005243301391602,10.635295867919922
567_mt,8.060481071472168,10.68404483795166
567_wt,8.005243301391602,10.635295867919922
568_wt,8.005243301391602,10.635295867919922
568_mt,8.481486320495605,10.601350784301758
569_wt,8.005243301391602,10.635295867919922
569_mt,6.624702453613281,10.596138954162598
570_wt,8.356547355651855,11.009782791137695
570_mt,6.229147911071777,10.989163398742676
571_wt,8.356547355651855,11.009782791137695
571_mt,5.505845546722412,11.011436462402344
572_wt,8.356547355651855,11.009782791137695
572_mt,7.042871952056885,11.017874717712402
573_mt,7.647817611694336,11.022357940673828
573_wt,8.356547355651855,11.009782791137695
574_mt,1.0,10.221566200256348
574_wt,5.448550224304199,10.219486236572266
575_mt,1.3526170253753662,10.223525047302246
575_wt,5.448550224304199,10.219486236572266
576_wt,5.448550224304199,10.219486236572266
576_mt,3.035740375518799,10.21669864654541
577_mt,3.2533657550811768,10.219883918762209
577_wt,5.448550224304199,10.219486236572266
578_wt,5.92081880569458,9.875957489013672
578_mt,7.15490198135376,9.875051498413086
579_wt,2.073657512664795,9.84218692779541
579_mt,2.515700101852417,9.842541694641112
580_wt,2.073657512664795,9.841897010803224
580_mt,1.9808837175369265,9.842377662658691
581_mt,0.3872161507606506,9.961567878723145
581_wt,0.0772745385766029,9.965249061584473
582_wt,6.3665313720703125,9.967828750610352
582_mt,6.721246242523193,9.97106647491455
583_wt,6.3665313720703125,9.967230796813965
583_mt,5.402304649353027,10.005690574645996
584_mt,6.602059841156006,10.006818771362305
584_wt,6.3665313720703125,9.976893424987791
585_wt,3.7520267963409424,10.711529731750488
585_mt,2.823908805847168,10.660052299499512
586_wt,3.7520267963409424,10.711529731750488
586_mt,3.5451550483703613,10.752551078796388
587_wt,3.7520267963409424,10.711529731750488
587_mt,3.378823757171631,10.749892234802246
588_wt,3.7520267963409424,10.711529731750488
588_mt,2.8938090801239014,10.719386100769045
589_wt,3.7520267963409424,10.711529731750488
589_mt,3.0803990364074707,10.711810111999512
590_wt,3.7520267963409424,10.711529731750488
590_mt,4.619788646697998,10.740172386169434
591_mt,2.823908805847168,10.699929237365724
591_wt,3.7520267963409424,10.711529731750488
592_wt,6.602059841156006,10.537508010864258
592_mt,5.494850158691406,10.52924633026123
593_mt,4.97469425201416,10.529691696166992
593_wt,6.602059841156006,10.537508010864258
594_wt,6.602059841156006,10.537508010864258
594_mt,4.661543369293213,10.531328201293944
595_mt,4.301030158996582,10.533041000366213
595_wt,6.602059841156006,10.537508010864258
596_mt,4.301030158996582,10.533594131469728
596_wt,6.602059841156006,10.537508010864258
597_wt,6.602059841156006,10.537508010864258
597_mt,4.301030158996582,10.540743827819824
598_wt,6.602059841156006,10.537508010864258
598_mt,5.744727611541748,10.53775119781494
599_mt,6.744727611541748,10.53462028503418
599_wt,6.602059841156006,10.537508010864258
600_mt,5.130768299102783,10.538172721862791
600_wt,6.602059841156006,10.537508010864258
601_wt,6.602059841156006,10.537508010864258
601_mt,6.455932140350342,10.538649559020996
602_wt,6.602059841156006,10.537508010864258
602_mt,5.744727611541748,10.531352043151855
603_wt,6.602059841156006,10.537508010864258
603_mt,6.698969841003418,10.539044380187988
604_mt,6.602059841156006,10.532401084899902
604_wt,6.602059841156006,10.537508010864258
605_wt,6.602059841156006,10.537508010864258
605_mt,6.187086582183838,10.529351234436035
606_wt,6.602059841156006,10.537508010864258
606_mt,5.568636417388916,10.538636207580566
607_wt,6.602059841156006,10.537508010864258
607_mt,6.522878646850586,10.541958808898926
608_wt,6.602059841156006,10.537508010864258
608_mt,6.113509178161621,10.541889190673828
609_mt,7.096909999847412,10.536444664001465
609_wt,6.602059841156006,10.537508010864258
610_mt,6.568636417388916,10.534064292907717
610_wt,6.602059841156006,10.537508010864258
611_mt,6.823908805847168,10.540690422058104
611_wt,6.602059841156006,10.537508010864258
612_mt,6.07572078704834,10.538437843322754
612_wt,6.602059841156006,10.537508010864258
613_mt,5.698969841003418,10.550280570983888
613_wt,6.602059841156006,10.537508010864258
614_wt,6.602059841156006,10.537508010864258
614_mt,5.823908805847168,10.542101860046388
615_mt,4.301030158996582,10.532668113708496
615_wt,6.602059841156006,10.537508010864258
616_mt,4.301030158996582,10.536564826965332
616_wt,6.602059841156006,10.537508010864258
617_wt,6.602059841156006,10.537508010864258
617_mt,5.6575775146484375,10.547113418579102
618_wt,8.74472713470459,11.754546165466309
618_mt,8.026871681213379,11.763134956359863
619_mt,7.982966423034668,11.77519702911377
619_wt,8.481486320495605,11.738903999328612
620_mt,8.0,11.795428276062012
620_wt,8.74472713470459,11.754546165466309
621_mt,8.318758964538574,11.696976661682127
621_wt,8.481486320495605,11.738903999328612
622_wt,8.74472713470459,11.754546165466309
622_mt,8.161150932312012,11.742810249328612
623_mt,8.236572265625,11.699474334716797
623_wt,8.481486320495605,11.738903999328612
624_wt,8.74472713470459,11.754546165466309
624_mt,8.301029995663981,11.741484642028809
625_wt,8.481486320495605,11.738903999328612
625_mt,8.091514587402344,11.651690483093262
626_mt,10.06550121307373,11.605470657348633
626_wt,9.267605781555176,11.562183380126951
627_mt,8.301029995663981,11.746295928955078
627_wt,8.74472713470459,11.754546165466309
628_wt,8.481486320495605,11.738903999328612
628_mt,8.337242126464844,11.691216468811035
629_mt,5.535510540008545,11.776041984558104
629_wt,5.3731465339660645,11.80224895477295
630_wt,8.74472713470459,11.754546165466309
630_mt,8.004364967346191,11.694472312927246
631_mt,7.619788646697998,11.674395561218262
631_wt,8.481486320495605,11.738903999328612
632_wt,8.74472713470459,11.754546165466309
632_mt,7.752026557922363,11.701837539672852
633_wt,8.481486320495605,11.738903999328612
633_mt,7.301030158996582,11.649691581726074
634_wt,5.3731465339660645,11.80224895477295
634_mt,6.525783538818359,11.712925910949709
635_mt,7.207608222961426,11.669363975524902
635_wt,5.3731465339660645,11.80224895477295
636_wt,5.3731465339660645,11.80224895477295
636_mt,7.161150932312012,11.69516372680664
637_wt,5.3731465339660645,11.80224895477295
637_mt,5.707079887390137,11.653385162353516
638_wt,9.267605781555176,11.562183380126951
638_mt,8.742321014404297,11.571111679077148
639_wt,5.3731465339660645,11.80224895477295
639_mt,6.400116920471191,11.80235195159912
640_mt,4.367542743682861,9.977572441101074
640_wt,6.638272285461426,9.97380828857422
641_mt,5.555955410003662,10.018930435180664
641_wt,6.638272285461426,9.97350025177002
642_mt,4.267606258392334,10.012162208557127
642_wt,5.555955410003662,9.973499298095703
643_wt,6.0,12.459036827087402
643_mt,6.397940158843994,12.456744194030762
644_wt,6.0,12.459036827087402
644_mt,4.886056423187256,12.471964836120604
645_mt,8.95860767364502,11.755160331726074
645_wt,7.677780628204346,11.693991661071776
646_mt,7.677780628204346,11.693991661071776
646_wt,10.508638381958008,11.693991661071776
647_mt,6.262807369232178,11.729487419128418
647_wt,8.468521118164062,11.758271217346191
648_wt,8.920818328857422,11.758271217346191
648_mt,8.063989639282227,11.729487419128418
649_wt,8.468521118164062,11.758271217346191
649_mt,5.340083599090576,11.747237205505373
650_mt,6.838632106781006,11.747237205505373
650_wt,8.920818328857422,11.758271217346191
651_wt,8.468521118164062,11.758271217346191
651_mt,5.365522861480713,11.802260398864746
652_mt,7.931814193725586,11.802260398864746
652_wt,8.920818328857422,11.758271217346191
653_wt,8.468521118164062,11.758271217346191
653_mt,4.962573528289795,11.728785514831545
654_wt,8.920818328857422,11.758271217346191
654_mt,8.297569274902344,11.728785514831545
655_wt,7.677780628204346,11.693991661071776
655_mt,10.318758964538574,11.68099880218506
656_mt,7.856985092163086,10.73857593536377
656_wt,8.690369606018066,10.754624366760254
657_wt,9.008773803710938,10.75108814239502
657_mt,8.777283668518066,10.710923194885254
658_wt,9.008773803710938,10.75108814239502
658_mt,6.913640022277832,10.752554893493652
659_mt,7.08459997177124,10.4347505569458
659_wt,9.008773803710938,10.75108814239502
660_wt,11.397939682006836,11.41358470916748
660_mt,9.747146606445312,11.376506805419922
661_wt,11.397939682006836,11.41358470916748
661_mt,8.712198257446289,11.443123817443848
662_wt,11.397939682006836,11.41358470916748
662_mt,9.107905387878418,11.276337623596191
663_mt,10.408935546875,11.201990127563477
663_wt,12.09691047668457,11.248045921325684
664_wt,12.09691047668457,11.248045921325684
664_mt,8.473660469055176,11.30335521697998
665_mt,9.795880317687988,11.001521110534668
665_wt,12.09691047668457,11.248045921325684
666_wt,7.619788646697998,11.220416069030762
666_mt,7.200659275054932,11.185179710388184
667_wt,7.619788646697998,11.220416069030762
667_mt,6.429457187652588,11.287223815917969
668_mt,6.443697452545166,10.995580673217772
668_wt,7.619788646697998,11.220416069030762
669_wt,7.236571788787842,11.362323760986328
669_mt,6.886056423187256,11.318427085876465
670_wt,7.236571788787842,11.362323760986328
670_mt,5.537601947784424,11.401257514953612
671_mt,5.886056423187256,11.112479209899902
671_wt,7.236571788787842,11.362323760986328
672_mt,6.455932140350342,10.79349422454834
672_wt,6.244887828826904,10.811767578125
673_wt,6.244887828826904,10.811767578125
673_mt,4.78515625,10.765469551086426
674_wt,8.113509178161621,10.811767578125
674_mt,6.244887828826904,10.811767578125
675_mt,2.4867823123931885,10.774683952331545
675_wt,8.113509178161621,10.772588729858398
676_mt,6.92081880569458,11.25039768218994
676_wt,8.004364967346191,11.201355934143066
677_mt,7.309803962707519,11.21324634552002
677_wt,6.92081880569458,11.201355934143066
678_mt,4.200659275054932,11.240438461303713
678_wt,4.677780628204346,11.238863945007324
679_mt,4.886056423187256,11.23482894897461
679_wt,4.677780628204346,11.238863945007324
680_wt,4.677780628204346,11.238863945007324
680_mt,3.9871628284454346,11.23466968536377
681_mt,5.28399658203125,11.281311988830566
681_wt,5.935542106628418,11.272229194641112
682_mt,3.9172146320343018,11.281311988830566
682_wt,5.7695512771606445,11.272229194641112
683_wt,5.935542106628418,11.272229194641112
683_mt,5.387216091156006,11.283026695251465
684_mt,3.2006595134735107,11.283026695251465
684_wt,5.7695512771606445,11.272229194641112
685_mt,5.161150932312012,11.279210090637209
685_wt,5.935542106628418,11.272229194641112
686_mt,3.616184711456299,11.279210090637209
686_wt,5.7695512771606445,11.272229194641112
687_wt,4.221848964691162,11.865846633911133
687_mt,4.12493896484375,11.86737823486328
688_wt,5.935542106628418,11.272229194641112
688_mt,5.214670181274414,11.279051780700684
689_mt,4.744727611541748,11.279051780700684
689_wt,5.7695512771606445,11.272229194641112
690_wt,4.221848964691162,11.865846633911133
690_mt,3.8356471061706543,11.85988712310791
691_wt,5.79587984085083,11.272229194641112
691_mt,5.935542106628418,11.272229194641112
692_wt,5.552842140197754,11.272229194641112
692_mt,5.7695512771606445,11.272229194641112
693_mt,5.235823631286621,11.280654907226562
693_wt,5.935542106628418,11.272229194641112
694_wt,5.7695512771606445,11.27223014831543
694_mt,3.397939920425415,11.280654907226562
695_mt,5.180456161499023,11.279953002929688
695_wt,5.935542106628418,11.272229194641112
696_wt,5.7695512771606445,11.272229194641112
696_mt,4.096909999847412,11.279953002929688
697_wt,3.259637355804444,11.302970886230469
697_mt,2.8725712299346924,11.318387031555176
698_wt,5.935542106628418,11.272229194641112
698_mt,4.991399765014648,11.285510063171388
699_wt,5.7695512771606445,11.272229194641112
699_mt,3.782516002655029,11.285510063171388
700_mt,2.78515625,11.418850898742676
700_wt,4.508638381958008,11.410470008850098
701_wt,5.935542106628418,11.272229194641112
701_mt,4.0,11.280444145202637
702_wt,5.7695512771606445,11.272229194641112
702_mt,3.102372884750366,11.280444145202637
703_wt,4.744727611541748,11.262964248657228
703_mt,4.79587984085083,11.255549430847168
704_mt,4.698969841003418,11.255549430847168
704_wt,4.744727611541748,11.262964248657228
705_wt,4.744727611541748,11.262964248657228
705_mt,4.602059841156006,11.26263427734375
706_wt,4.744727611541748,11.262964248657228
706_mt,4.698969841003418,11.26263427734375
707_mt,3.15490198135376,11.27974796295166
707_wt,4.744727611541748,11.262964248657228
708_mt,3.15490198135376,11.262682914733888
708_wt,4.744727611541748,11.262964248657228
709_mt,4.619788646697998,11.3082275390625
709_wt,4.744727611541748,11.262964248657228
710_wt,4.744727611541748,11.262964248657228
710_mt,4.638272285461426,11.308228492736816
711_mt,4.853871822357178,11.43399143218994
711_wt,4.508638381958008,11.445536613464355
712_wt,4.508638381958008,11.445536613464355
712_mt,3.585026741027832,11.42576026916504
713_wt,4.508638381958008,11.445536613464355
713_mt,4.537601947784424,11.459223747253418
714_wt,4.508638381958008,11.445536613464355
714_mt,2.9586071968078613,11.468524932861328
715_mt,2.795880079269409,11.45569133758545
715_wt,4.508638381958008,11.445536613464355
716_mt,3.0315170288085938,11.461541175842283
716_wt,4.508638381958008,11.445536613464355
717_wt,6.040958404541016,11.418983459472656
717_mt,5.036211967468262,11.443991661071776
718_mt,8.136676788330078,11.423538208007812
718_wt,6.040958404541016,11.418984413146973
719_wt,6.040958404541016,11.418983459472656
719_mt,6.585026741027832,11.424043655395508
720_wt,4.004364967346191,11.662745475769045
720_mt,5.468521118164063,11.628487586975098
721_mt,6.07572078704834,10.95555019378662
721_wt,6.055517196655273,10.95581340789795
722_mt,5.759450912475586,10.970562934875488
722_wt,6.055517196655273,10.95581340789795
723_wt,4.534616947174072,11.169920921325684
723_mt,5.2441253662109375,11.188551902770996
724_mt,5.12493896484375,11.122113227844238
724_wt,5.346787452697754,11.136210441589355
725_wt,5.346787452697754,11.136210441589355
725_mt,5.200659275054932,11.134322166442873
726_mt,4.903090000152588,11.125500679016112
726_wt,5.346787452697754,11.136210441589355
727_wt,5.346787452697754,11.136210441589355
727_mt,5.2441253662109375,11.11059284210205
728_wt,5.346787452697754,11.136210441589355
728_mt,5.180456161499023,11.134580612182615
729_mt,5.4202165603637695,11.122817039489746
729_wt,5.346787452697754,11.136210441589355
730_wt,5.346787452697754,11.136210441589355
730_mt,5.251811981201172,11.13107967376709
731_wt,5.346787452697754,11.136210441589355
731_mt,5.275723934173584,11.101326942443848
732_wt,5.625251770019531,10.700214385986328
732_mt,7.853871822357178,10.61688232421875
733_wt,1.5243288278579712,9.882506370544434
733_mt,1.2881927490234375,9.881447792053224
734_wt,1.5243288278579712,9.882506370544434
734_mt,1.212539553642273,9.883393287658691
735_wt,1.5243288278579712,9.882506370544434
735_mt,2.92081880569458,9.884635925292969
736_mt,3.764724016189575,9.973280906677246
736_wt,3.629857063293457,9.971367835998535
737_wt,3.764724016189575,9.971367835998535
737_mt,3.3381872177124023,9.974164009094238
738_mt,3.453951120376587,9.9723482131958
738_wt,3.764724016189575,9.971367835998535
739_mt,3.0649969577789307,9.973505020141602
739_wt,3.764724016189575,9.971367835998535
740_mt,2.9760072231292725,9.971611976623535
740_wt,3.764724016189575,9.971367835998535
741_wt,5.455932140350342,10.48231601715088
741_mt,4.742321491241455,10.49350643157959
742_mt,4.494850158691406,10.488873481750488
742_wt,5.455932140350342,10.48231601715088
743_wt,5.744727611541748,10.213212966918944
743_mt,6.522878646850586,10.219267845153809
744_mt,5.119186401367188,10.903218269348145
744_wt,4.537601947784424,10.91189193725586
745_mt,3.931814193725586,10.923979759216309
745_wt,4.537601947784424,10.91189193725586
746_wt,4.537601947784424,10.91189193725586
746_mt,3.40450382232666,10.91771411895752
747_mt,1.9355419874191284,10.91971492767334
747_wt,4.537601947784424,10.91189193725586
748_mt,4.356547355651856,10.920402526855469
748_wt,4.537601947784424,10.91189193725586
749_mt,4.397940158843994,10.91335105895996
749_wt,4.537601947784424,10.91189193725586
750_wt,4.537601947784424,10.91189193725586
750_mt,2.838632106781006,10.911089897155762
751_mt,4.036211967468262,10.905665397644045
751_wt,4.537601947784424,10.91189193725586
752_wt,4.537601947784424,10.911890983581545
752_mt,4.022276401519775,10.91697597503662
753_wt,4.537601947784424,10.91189193725586
753_mt,4.040958404541016,10.91368007659912
754_wt,3.97469425201416,10.92941188812256
754_mt,3.0655014514923096,10.927515983581545
755_wt,4.017728805541992,10.260538101196287
755_mt,3.51855731010437,10.264394760131836
756_mt,3.443697452545166,10.250147819519045
756_wt,4.017728805541992,10.260538101196287
757_mt,4.585026741027832,10.998944282531738
757_wt,4.630784034729004,11.019569396972656
758_wt,4.630784034729004,11.019569396972656
758_mt,4.694648742675781,10.94732666015625
759_mt,4.567030906677246,11.56220817565918
759_wt,5.619788646697998,11.543665885925291
760_mt,5.744727611541748,11.591547966003418
760_wt,5.619788646697998,11.543665885925291
761_wt,5.619788646697998,11.543665885925291
761_mt,5.468521118164063,11.578031539916992
762_mt,4.292429924011231,10.558171272277832
762_wt,5.522878646850586,10.547905921936035
763_wt,4.301030158996582,10.309057235717772
763_mt,3.408935308456421,10.311678886413574
764_mt,2.8356471061706543,10.32153606414795
764_wt,2.596879482269287,10.321195602416992
765_wt,4.301030158996582,10.364320755004885
765_mt,4.318758964538574,10.360429763793944
766_mt,5.236571788787842,10.358965873718262
766_wt,5.698969841003418,10.408547401428224
767_wt,4.301030158996582,10.308457374572754
767_mt,3.698970079421997,10.31035327911377
768_mt,5.148741722106934,10.406956672668455
768_wt,6.301030158996582,10.404203414916992
769_wt,3.92081880569458,10.92687702178955
769_mt,4.0,10.928685188293455
770_wt,3.92081880569458,10.92687702178955
770_mt,4.0,10.928685188293455
771_mt,3.92081880569458,10.92800235748291
771_wt,4.522878646850586,10.92687702178955
772_mt,3.92081880569458,10.92800235748291
772_wt,4.397940158843994,10.92687702178955
773_mt,4.853871822357178,10.189160346984863
773_wt,5.301030158996582,10.186315536499023
774_wt,1.0,10.78588581085205
774_mt,0.2839966416358948,10.796284675598145
775_mt,1.0,10.78588581085205
775_wt,1.229148030281067,10.78588581085205
776_wt,3.8356471061706543,10.165328025817873
776_mt,4.701147079467773,10.166258811950684
777_wt,6.522878646850586,11.043959617614746
777_mt,5.701147079467773,11.010998725891112
778_wt,5.045757293701172,10.439431190490724
778_mt,5.045757293701172,10.439431190490724
779_wt,5.045757293701172,10.439431190490724
779_mt,2.221848726272583,10.434406280517578
780_wt,5.045757293701172,10.439431190490724
780_mt,2.84163761138916,10.433199882507324
781_mt,4.301030158996582,10.448451042175291
781_wt,5.045757293701172,10.439431190490724
782_wt,5.045757293701172,10.439431190490724
782_mt,4.721246242523193,10.406826972961426
783_wt,4.004803657531738,9.97049331665039
783_mt,4.565431118011475,9.971667289733888
784_wt,4.565431118011475,9.97049331665039
784_mt,3.538201332092285,9.972336769104004
785_wt,4.565431118011475,9.97049331665039
785_mt,3.4681379795074463,9.971436500549316
786_mt,2.795880079269409,10.427228927612305
786_wt,3.0,10.426053047180176
787_mt,5.759450912475586,10.67107105255127
787_wt,8.0,10.683927536010742
788_wt,7.4466023445129395,10.289189338684082
788_mt,7.27327299118042,10.31130313873291
789_wt,7.4466023445129395,10.289189338684082
789_mt,8.214670181274414,10.278026580810549
790_mt,7.718966484069824,10.256010055541992
790_wt,7.4466023445129395,10.289189338684082
791_wt,7.4466023445129395,10.289189338684082
791_mt,6.79048490524292,10.337212562561035
792_wt,7.4466023445129395,10.289190292358398
792_mt,6.6575775146484375,10.270241737365724
793_mt,8.920818328857422,10.288326263427734
793_wt,7.4466023445129395,10.289189338684082
794_mt,8.136676788330078,10.330549240112305
794_wt,7.4466023445129395,10.289189338684082
795_wt,6.721246242523193,10.461277961730955
795_mt,5.431798458099365,10.481088638305664
796_mt,5.173925399780273,10.411094665527344
796_wt,6.721246242523193,10.461277961730955
797_wt,6.721246242523193,10.461277961730955
797_mt,5.6575775146484375,10.413145065307615
798_wt,6.602059841156006,10.548497200012209
798_mt,7.0,10.508340835571287
799_mt,6.602059841156006,10.506556510925291
799_wt,6.0,10.548497200012209
800_mt,9.920818328857422,11.794052124023438
800_wt,10.823908805847168,11.67276668548584
801_wt,6.03058385848999,11.648282051086426
801_mt,6.20481538772583,11.622997283935549
802_wt,6.03058385848999,11.648282051086426
802_mt,6.782516002655029,11.659729957580566
803_wt,6.03058385848999,11.648282051086426
803_mt,6.462181091308594,11.645739555358888
804_mt,7.522878646850586,11.653891563415527
804_wt,6.03058385848999,11.648282051086426
805_wt,6.03058385848999,11.648282051086426
805_mt,7.187086582183838,11.640379905700684
806_mt,6.962573528289795,11.64575481414795
806_wt,6.03058385848999,11.648282051086426
807_mt,7.443697452545166,11.597549438476562
807_wt,9.376750946044922,11.476826667785645
808_mt,8.0,11.588006019592283
808_wt,9.376750946044922,11.476826667785645
809_wt,9.376750946044922,11.476826667785645
809_mt,8.657577514648438,11.512593269348145
810_wt,9.376750946044922,11.476826667785645
810_mt,8.221848749616356,11.437442779541016
811_mt,8.366531372070312,11.49436855316162
811_wt,8.408935546875,11.476826667785645
812_wt,8.408935546875,11.476826667785645
812_mt,8.366531372070312,11.465166091918944
813_wt,8.698969841003418,10.044699668884276
813_mt,7.607303142547607,10.042923927307127
814_mt,6.562249660491943,10.042923927307127
814_wt,8.408935546875,10.044699668884276
815_wt,8.698969841003418,10.044699668884276
815_mt,8.244125366210938,10.043726921081545
816_wt,8.408935546875,10.044699668884276
816_mt,7.97469425201416,10.043726921081545
817_wt,8.408935546875,10.044699668884276
817_mt,6.982966423034668,10.044102668762209
818_mt,5.69766902923584,10.045281410217283
818_wt,8.408935546875,10.044699668884276
819_mt,8.568635940551758,10.044197082519531
819_wt,8.698969841003418,10.044699668884276
820_mt,7.259637355804443,10.044197082519531
820_wt,8.408935546875,10.044699668884276
821_wt,5.346787452697754,10.312331199645996
821_mt,6.903090000152588,10.287463188171388
822_mt,4.886056423187256,10.305753707885742
822_wt,5.346787452697754,10.31233024597168
823_mt,5.346787452697754,10.312331199645996
823_wt,6.397940158843994,10.312331199645996
824_wt,4.221848964691162,10.02376651763916
824_mt,4.0,10.019160270690918
825_wt,4.318758964538574,10.02358055114746
825_mt,4.148741722106934,10.022749900817873
826_wt,4.221848964691162,10.022749900817873
826_mt,4.096909999847412,10.022749900817873
827_wt,4.096909999847412,10.022749900817873
827_mt,4.221848964691162,10.02193546295166
828_wt,4.096909999847412,10.022749900817873
828_mt,4.221848964691162,10.020495414733888
829_mt,4.113509178161621,10.024710655212402
829_wt,4.318758964538574,10.023579597473145
830_mt,4.148741722106934,10.023663520812988
830_wt,4.318758964538574,10.023579597473145
831_mt,4.913640022277832,11.786737442016602
831_wt,5.102373123168945,11.799346923828123
832_wt,5.102373123168945,11.799346923828123
832_mt,4.92081880569458,11.775797843933104
833_wt,6.596879482269287,10.68545627593994
833_mt,6.806875228881836,10.698779106140137
834_wt,6.667561531066895,10.68545627593994
834_mt,6.596879482269287,10.68545627593994
835_wt,8.80966854095459,10.965893745422363
835_mt,6.000434398651123,10.955914497375488
836_wt,8.80966854095459,10.965893745422363
836_mt,5.861697196960449,10.971173286437988
837_wt,8.80966854095459,10.965893745422363
837_mt,7.576754093170166,10.95279312133789
838_mt,7.721246242523193,10.973278999328612
838_wt,8.80966854095459,10.965893745422363
839_wt,5.214670181274414,11.072908401489258
839_mt,6.527243614196777,11.072908401489258
840_mt,6.221848964691162,11.203932762145996
840_wt,6.527243614196777,11.072908401489258
841_mt,5.92081880569458,11.180771827697754
841_wt,6.527243614196777,11.072908401489258
842_wt,6.527243614196777,11.072908401489258
842_mt,6.221848964691162,11.20813274383545
843_mt,5.886056423187256,11.285901069641112
843_wt,6.527243614196777,11.072908401489258
844_mt,6.0,11.264830589294434
844_wt,6.527243614196777,11.072908401489258
845_mt,3.493494987487793,11.76405429840088
845_wt,6.92081880569458,11.731602668762209
846_wt,6.92081880569458,11.731602668762209
846_mt,3.7235381603240967,11.731093406677246
847_wt,6.92081880569458,11.731602668762209
847_mt,5.161150932312012,11.754860877990724
848_mt,6.207608222961426,11.74437141418457
848_wt,6.92081880569458,11.731602668762209
849_mt,4.301030158996582,10.40346622467041
849_wt,4.585026741027832,10.40433120727539
850_mt,6.568636417388916,12.024654388427734
850_wt,8.619789123535156,12.00338649749756
851_wt,8.619789123535156,12.00338649749756
851_mt,6.568636417388916,11.956804275512695
852_wt,8.619789123535156,12.003385543823242
852_mt,5.107905387878418,12.042580604553224
853_wt,8.619789123535156,12.00338649749756
853_mt,7.07572078704834,12.015826225280762
854_mt,6.443697452545166,12.040322303771973
854_wt,8.619789123535156,12.003385543823242
855_mt,10.0,12.015482902526855
855_wt,8.619789123535156,12.00338649749756
856_mt,8.193819999694824,12.065491676330566
856_wt,8.619789123535156,12.00338649749756
857_wt,5.638272285461426,12.00127124786377
857_mt,6.7695512771606445,12.00277614593506
858_wt,5.638272285461426,12.00127124786377
858_mt,6.585026741027832,12.005451202392578
859_mt,5.242603778839111,11.977794647216797
859_wt,5.30980396270752,11.979945182800291
860_wt,7.552842140197754,11.337145805358888
860_mt,7.4202165603637695,11.3255033493042
861_mt,7.744727611541748,11.326397895812988
861_wt,7.552842140197754,11.337145805358888
862_mt,3.979638814926148,11.31369400024414
862_wt,5.79587984085083,11.304308891296388
863_wt,5.79587984085083,11.189234733581545
863_mt,4.394694805145264,11.211355209350586
864_wt,5.79587984085083,11.189234733581545
864_mt,4.2790141105651855,11.203998565673828
865_wt,5.79587984085083,11.189234733581545
865_mt,4.264400959014893,11.207833290100098
866_wt,5.79587984085083,11.189234733581545
866_mt,4.2153825759887695,11.21435260772705
867_mt,2.102372884750366,10.373002052307127
867_wt,2.823908805847168,10.372878074645996
868_wt,4.07572078704834,10.372878074645996
868_mt,2.823908805847168,10.370408058166504
869_wt,4.943095207214356,10.962754249572754
869_mt,4.2881927490234375,10.965560913085938
870_wt,5.958607196807861,10.386489868164062
870_mt,6.522878646850586,10.386489868164062
871_mt,6.619788646697998,10.380780220031738
871_wt,6.522878646850586,10.386489868164062
872_wt,6.522878646850586,10.386489868164062
872_mt,7.096909999847412,10.390809059143066
873_mt,6.585026741027832,10.38729763031006
873_wt,6.522878646850586,10.386489868164062
874_mt,6.92081880569458,10.398207664489746
874_wt,6.522878646850586,10.386489868164062
875_mt,6.853871822357178,10.394604682922363
875_wt,6.522878646850586,10.386489868164062
876_mt,6.823908805847168,10.391501426696776
876_wt,6.522878646850586,10.386488914489746
877_wt,6.522878646850586,10.386489868164062
877_mt,6.823908805847168,10.397600173950195
878_mt,7.0,10.398417472839355
878_wt,6.522878646850586,10.386489868164062
879_mt,8.886056900024414,11.296903610229492
879_wt,6.677780628204346,11.32215976715088
880_wt,6.684029579162598,11.430901527404783
880_mt,6.2441253662109375,11.427103996276855
881_wt,6.209714889526367,10.722871780395508
881_mt,6.367542743682861,10.71457862854004
882_mt,6.226945400238037,10.75704288482666
882_wt,6.233587265014648,10.745438575744627
883_mt,6.763437747955322,11.051433563232422
883_wt,9.0,11.040060997009276
884_mt,7.0,11.051432609558104
884_wt,8.221848487854004,11.040060997009276
885_mt,6.209714889526367,10.722871780395508
885_wt,6.233587265014648,10.745438575744627
886_mt,6.425968647003174,10.742297172546388
886_wt,5.38795804977417,10.711281776428224
887_mt,6.131943702697754,10.738435745239258
887_wt,5.38795804977417,10.711281776428224
888_mt,6.543633937835693,10.71092700958252
888_wt,5.38795804977417,10.711281776428224
889_wt,5.38795804977417,10.711281776428224
889_mt,5.86806058883667,10.695521354675291
890_wt,6.209714889526367,10.722871780395508
890_mt,6.233587265014648,10.745438575744627
891_wt,6.136677265167236,10.795147895812988
891_mt,8.187087059020996,10.811434745788574
892_wt,7.275723934173584,11.89028549194336
892_mt,6.0087738037109375,11.88771915435791
893_wt,7.275723934173584,11.89028549194336
893_mt,8.070581436157227,11.8749418258667
894_mt,9.221848487854004,11.868586540222168
894_wt,7.275723934173584,11.89028549194336
895_mt,5.7695512771606445,11.940850257873535
895_wt,7.275723934173584,11.89028549194336
896_wt,7.308034896850586,10.861796379089355
896_mt,6.560667514801025,10.853022575378418
897_wt,7.308034896850586,10.861796379089355
897_mt,7.221848964691162,10.830387115478516
898_wt,7.308034896850586,10.861796379089355
898_mt,6.301030158996582,10.841551780700684
899_mt,6.924453258514404,10.388052940368652
899_wt,7.698969841003418,10.45647144317627
900_wt,7.698969841003418,10.45647144317627
900_mt,6.251811981201172,10.411243438720703
901_wt,7.698969841003418,10.45647144317627
901_mt,5.677780628204346,10.40925121307373
902_mt,3.823908805847168,10.552153587341309
902_wt,5.267606258392334,10.63876247406006
903_mt,4.327902317047119,10.552153587341309
903_wt,5.013228416442871,10.63876247406006
904_mt,4.050610065460205,10.677939414978027
904_wt,4.408935546875,10.666581153869627
905_wt,5.221848964691162,10.66750431060791
905_mt,3.0,10.67920970916748
906_wt,4.744727611541748,10.727537155151367
906_mt,2.769551038742065,10.719562530517578
907_wt,5.259637355804443,10.720906257629396
907_mt,3.742321491241455,10.71074390411377
908_wt,5.79587984085083,10.967047691345217
908_mt,5.7695512771606445,10.94947338104248
909_wt,5.79587984085083,10.967047691345217
909_mt,5.346787452697754,10.943127632141112
910_mt,4.173925399780273,10.943127632141112
910_wt,4.7695512771606445,10.967047691345217
911_wt,5.79587984085083,10.967047691345217
911_mt,6.070580959320068,10.937405586242676
912_wt,4.7695512771606445,10.967047691345217
912_mt,4.823908805847168,10.937405586242676
913_wt,4.7695512771606445,10.967047691345217
913_mt,3.823908805847168,10.941997528076172
914_mt,3.6575772762298575,10.95260524749756
914_wt,4.7695512771606445,10.967047691345217
915_wt,4.7695512771606445,10.967047691345217
915_mt,3.823908805847168,10.940108299255373
916_mt,6.0,10.947284698486328
916_wt,5.79587984085083,10.967047691345217
917_mt,4.92081880569458,10.947284698486328
917_wt,4.7695512771606445,10.967047691345217
918_mt,6.06048059463501,10.933670997619627
918_wt,5.79587984085083,10.967047691345217
919_wt,5.79587984085083,10.967047691345217
919_mt,4.091515064239502,10.960240364074709
920_mt,4.0,10.960240364074709
920_wt,4.7695512771606445,10.967047691345217
921_mt,4.207608222961426,10.929003715515137
921_wt,5.79587984085083,10.967047691345217
922_wt,4.7695512771606445,10.967047691345217
922_mt,4.040958404541016,10.929003715515137
923_wt,4.7695512771606445,10.967047691345217
923_mt,3.236572027206421,10.967392921447754
924_wt,6.4202165603637695,10.96789264678955
924_mt,5.7695512771606445,10.932519912719728
925_wt,6.4202165603637695,10.967047691345217
925_mt,5.79587984085083,10.967047691345217
926_wt,5.301030158996582,10.967047691345217
926_mt,4.7695512771606445,10.967047691345217
927_wt,6.4202165603637695,10.96789264678955
927_mt,5.79587984085083,11.004847526550291
928_mt,5.568636417388916,10.963425636291504
928_wt,6.4202165603637695,10.963515281677246
929_wt,5.301030158996582,10.963515281677246
929_mt,4.301030158996582,10.963425636291504
930_wt,6.4202165603637695,10.96789264678955
930_mt,6.070580959320068,10.925164222717283
931_wt,5.301030158996582,10.96789264678955
931_mt,3.826813697814941,10.97342014312744
932_wt,6.4202165603637695,10.96789264678955
932_mt,6.06048059463501,10.97563648223877
933_wt,6.698969841003418,10.98939609527588
933_mt,4.79587984085083,11.00437831878662
934_wt,6.698969841003418,10.98939609527588
934_mt,4.958607196807861,10.998080253601074
935_wt,6.744727611541748,11.352818489074709
935_mt,6.552842140197754,11.367844581604004
936_mt,6.180456161499023,11.227166175842283
936_wt,4.673664093017578,11.227166175842283
937_mt,5.443697452545166,11.348895072937012
937_wt,6.180456161499023,11.227166175842283
938_wt,6.180456161499023,11.227166175842283
938_mt,5.4202165603637695,11.32352066040039
939_mt,5.6575775146484375,11.353554725646973
939_wt,6.180456161499023,11.227166175842283
940_mt,6.468521118164063,11.411808967590332
940_wt,6.180456161499023,11.227166175842283
941_mt,5.173925399780273,11.411601066589355
941_wt,6.180456161499023,11.227166175842283
942_mt,9.09691047668457,11.20474910736084
942_wt,9.397939682006836,11.208148002624512
943_wt,9.397939682006836,11.208148002624512
943_mt,10.0,11.195324897766112
944_mt,8.95860767364502,11.19951629638672
944_wt,9.397939682006836,11.208148002624512
945_mt,9.698969841003418,11.191701889038086
945_wt,9.397939682006836,11.208148002624512
946_wt,9.397939682006836,11.208148002624512
946_mt,8.337242126464844,11.210892677307127
947_wt,9.397939682006836,11.208148002624512
947_mt,9.397939682006836,11.201478958129885
948_wt,9.397939682006836,11.208148002624512
948_mt,9.221848487854004,11.187506675720217
949_mt,9.154901504516602,11.201544761657717
949_wt,9.397939682006836,11.208148002624512
950_mt,10.698969841003418,11.1865873336792
950_wt,10.95860767364502,11.208148002624512
951_mt,10.431797981262209,11.178656578063965
951_wt,10.95860767364502,11.208148002624512
952_wt,9.397939682006836,11.208148002624512
952_mt,8.95860767364502,11.199078559875488
953_wt,9.397939682006836,11.208148002624512
953_mt,10.0,11.199853897094728
954_wt,8.95860767364502,11.223835945129396
954_mt,8.408935546875,11.22108554840088
955_mt,9.045757293701172,11.213057518005373
955_wt,8.95860767364502,11.223835945129396
956_mt,7.879426002502441,11.979547500610352
956_wt,9.0,11.96416187286377
957_mt,8.221848749616356,11.979547500610352
957_wt,9.522878646850586,11.96416187286377
958_mt,8.455931663513184,11.962160110473633
958_wt,9.657577514648438,11.944293022155762
959_wt,9.638272285461426,11.948043823242188
959_mt,9.045757293701172,11.97213077545166
960_wt,10.0,11.881525039672852
960_mt,9.95860767364502,11.874329566955566
961_mt,10.301030158996582,11.87381649017334
961_wt,10.0,11.873066902160645
962_mt,8.602060317993164,11.87254810333252
962_wt,9.95860767364502,11.881525039672852
963_mt,4.886056423187256,11.688272476196287
963_wt,6.318758964538574,11.671197891235352
964_mt,5.721246242523193,11.678682327270508
964_wt,6.318758964538574,11.671197891235352
965_mt,9.721246719360352,10.125814437866213
965_wt,10.0,10.125814437866213
966_mt,8.406713485717773,10.11214542388916
966_wt,8.782516479492188,10.113750457763672
967_mt,9.275724411010742,10.110981941223145
967_wt,8.782516479492188,10.113750457763672
968_wt,9.74472713470459,10.113750457763672
968_mt,8.782516479492188,10.114937782287598
969_mt,9.142667770385742,10.127778053283691
969_wt,9.721246719360352,10.125814437866213
970_wt,9.721246719360352,10.125814437866213
970_mt,9.920818328857422,10.129069328308104
971_mt,6.665546417236328,11.429984092712402
971_wt,8.089909553527832,11.450631141662598
972_wt,8.089909553527832,11.450631141662598
972_mt,7.034892559051514,11.4613037109375
973_mt,7.298691272735596,11.451611518859863
973_wt,8.089909553527832,11.450631141662598
974_mt,6.718966484069824,11.46962833404541
974_wt,8.089909553527832,11.450631141662598
975_mt,7.210772037506103,11.440377235412598
975_wt,8.089909553527832,11.450631141662598
976_mt,6.419075012207031,11.45470142364502
976_wt,8.089909553527832,11.450631141662598
977_wt,8.089909553527832,11.450631141662598
977_mt,5.645507335662842,11.428604125976562
978_wt,8.089909553527832,11.450631141662598
978_mt,5.838931560516357,11.46287441253662
979_mt,7.456925868988037,11.434452056884766
979_wt,8.089909553527832,11.450631141662598
980_wt,8.28399658203125,11.373893737792969
980_mt,8.74472713470459,11.430048942565918
